时间,   纬度,    经度,     速度／卫星个数,    方向／海拔,    日期
GPRMC格式 01时32分38秒, 40度47.533分, 111度141.856分, 012.2米／秒, 253.6, 17年05月10日,
GPGGA格式 01时32分38秒, 40度47.533分, 111度141.856分, 05个, 1108米,

GPRMC格式 01时32分39秒, 40度47.532分, 111度141.852分, 011.3米／秒, 254.3, 17年05月10日,
GPGGA格式 01时32分39秒, 40度47.532分, 111度141.852分, 05个, 1106米,

GPRMC格式 01时32分39秒, 40度47.532分, 111度141.852分, 011.3米／秒, 254.3, 17年05月10日,
GPGGA格式 01时32分39秒, 40度47.532分, 111度141.852分, 05个, 1106米,

GPRMC格式 01时32分41秒, 40度47.557分, 111度141.837分, 012.3米／秒, 252.0, 17年05月10日,
GPGGA格式 01时32分41秒, 40度47.557分, 111度141.837分, 06个, 1181米,

GPRMC格式 01时32分42秒, 40度47.563分, 111度141.830分, 012.2米／秒, 255.4, 17年05月10日,
GPGGA格式 01时32分42秒, 40度47.563分, 111度141.830分, 06个, 1199米,

GPRMC格式 01时32分43秒, 40度47.561分, 111度141.826分, 014.2米／秒, 257.0, 17年05月10日,
GPGGA格式 01时32分43秒, 40度47.561分, 111度141.826分, 06个, 1195米,

GPRMC格式 01时32分44秒, 40度47.560分, 111度141.821分, 014.5米／秒, 258.9, 17年05月10日,
GPGGA格式 01时32分44秒, 40度47.560分, 111度141.821分, 06个, 1194米,

GPRMC格式 01时32分45秒, 40度47.559分, 111度141.815分, 014.7米／秒, 260.2, 17年05月10日,
GPGGA格式 01时32分45秒, 40度47.559分, 111度141.815分, 06个, 1192米,

GPRMC格式 01时32分46秒, 40度47.560分, 111度141.810分, 014.6米／秒, 259.4, 17年05月10日,
GPGGA格式 01时32分46秒, 40度47.560分, 111度141.810分, 06个, 1194米,

GPRMC格式 01时32分47秒, 40度47.558分, 111度141.806分, 013.9米／秒, 252.7, 17年05月10日,
GPGGA格式 01时32分47秒, 40度47.558分, 111度141.806分, 06个, 1195米,

GPRMC格式 01时32分48秒, 40度47.558分, 111度141.800分, 014.7米／秒, 257.7, 17年05月10日,
GPGGA格式 01时32分48秒, 40度47.558分, 111度141.800分, 06个, 1196米,

GPRMC格式 01时32分49秒, 40度47.555分, 111度141.796分, 014.9米／秒, 259.9, 17年05月10日,
GPGGA格式 01时32分49秒, 40度47.555分, 111度141.796分, 07个, 1184米,

GPRMC格式 01时32分50秒, 40度47.551分, 111度141.791分, 014.5米／秒, 258.7, 17年05月10日,
GPGGA格式 01时32分50秒, 40度47.551分, 111度141.791分, 07个, 1174米,

GPRMC格式 01时32分51秒, 40度47.549分, 111度141.787分, 012.9米／秒, 254.0, 17年05月10日,
GPGGA格式 01时32分51秒, 40度47.549分, 111度141.787分, 07个, 1167米,

GPRMC格式 01时32分52秒, 40度47.547分, 111度141.783分, 011.1米／秒, 254.8, 17年05月10日,
GPGGA格式 01时32分52秒, 40度47.547分, 111度141.783分, 08个, 1162米,

GPRMC格式 01时32分53秒, 40度47.548分, 111度141.779分, 010.7米／秒, 259.7, 17年05月10日,
GPGGA格式 01时32分53秒, 40度47.548分, 111度141.779分, 08个, 1159米,

GPRMC格式 01时32分54秒, 40度47.547分, 111度141.776分, 009.6米／秒, 273.7, 17年05月10日,
GPGGA格式 01时32分54秒, 40度47.547分, 111度141.776分, 08个, 1151米,

GPRMC格式 01时32分55秒, 40度47.547分, 111度141.771分, 009.3米／秒, 298.6, 17年05月10日,
GPGGA格式 01时32分55秒, 40度47.547分, 111度141.771分, 08个, 1147米,

GPRMC格式 01时32分56秒, 40度47.549分, 111度141.769分, 011.0米／秒, 327.2, 17年05月10日,
GPGGA格式 01时32分56秒, 40度47.549分, 111度141.769分, 08个, 1147米,

GPRMC格式 01时32分57秒, 40度47.552分, 111度141.767分, 013.1米／秒, 338.5, 17年05月10日,
GPGGA格式 01时32分57秒, 40度47.552分, 111度141.767分, 08个, 1147米,

GPRMC格式 01时32分58秒, 40度47.556分, 111度141.766分, 016.3米／秒, 341.1, 17年05月10日,
GPGGA格式 01时32分58秒, 40度47.556分, 111度141.766分, 08个, 1146米,

GPRMC格式 01时32分59秒, 40度47.560分, 111度141.764分, 018.5米／秒, 340.4, 17年05月10日,
GPGGA格式 01时32分59秒, 40度47.560分, 111度141.764分, 08个, 1145米,

GPRMC格式 01时33分00秒, 40度47.565分, 111度141.762分, 020.1米／秒, 339.9, 17年05月10日,
GPGGA格式 01时33分00秒, 40度47.565分, 111度141.762分, 08个, 1144米,

GPRMC格式 01时33分01秒, 40度47.571分, 111度141.759分, 022.2米／秒, 339.6, 17年05月10日,
GPGGA格式 01时33分01秒, 40度47.571分, 111度141.759分, 08个, 1144米,

GPRMC格式 01时33分02秒, 40度47.577分, 111度141.757分, 022.7米／秒, 339.2, 17年05月10日,
GPGGA格式 01时33分02秒, 40度47.577分, 111度141.757分, 08个, 1143米,

GPRMC格式 01时33分03秒, 40度47.583分, 111度141.754分, 023.3米／秒, 338.7, 17年05月10日,
GPGGA格式 01时33分03秒, 40度47.583分, 111度141.754分, 08个, 1142米,

GPRMC格式 01时33分04秒, 40度47.589分, 111度141.751分, 022.5米／秒, 339.4, 17年05月10日,
GPGGA格式 01时33分04秒, 40度47.589分, 111度141.751分, 08个, 1142米,

GPRMC格式 01时33分05秒, 40度47.595分, 111度141.748分, 022.2米／秒, 339.1, 17年05月10日,
GPGGA格式 01时33分05秒, 40度47.595分, 111度141.748分, 08个, 1142米,

GPRMC格式 01时33分06秒, 40度47.601分, 111度141.746分, 021.9米／秒, 339.9, 17年05月10日,
GPGGA格式 01时33分06秒, 40度47.601分, 111度141.746分, 08个, 1142米,

GPRMC格式 01时33分07秒, 40度47.607分, 111度141.743分, 021.4米／秒, 340.3, 17年05月10日,
GPGGA格式 01时33分07秒, 40度47.607分, 111度141.743分, 08个, 1142米,

GPRMC格式 01时33分08秒, 40度47.613分, 111度141.741分, 020.6米／秒, 341.2, 17年05月10日,
GPGGA格式 01时33分08秒, 40度47.613分, 111度141.741分, 08个, 1141米,

GPRMC格式 01时33分09秒, 40度47.618分, 111度141.738分, 018.8米／秒, 342.0, 17年05月10日,
GPGGA格式 01时33分09秒, 40度47.618分, 111度141.738分, 08个, 1142米,

GPRMC格式 01时33分10秒, 40度47.623分, 111度141.737分, 016.5米／秒, 342.1, 17年05月10日,
GPGGA格式 01时33分10秒, 40度47.623分, 111度141.737分, 08个, 1141米,

GPRMC格式 01时33分11秒, 40度47.627分, 111度141.735分, 014.8米／秒, 342.6, 17年05月10日,
GPGGA格式 01时33分11秒, 40度47.627分, 111度141.735分, 09个, 1140米,

GPRMC格式 01时33分12秒, 40度47.631分, 111度141.734分, 013.2米／秒, 342.9, 17年05月10日,
GPGGA格式 01时33分12秒, 40度47.631分, 111度141.734分, 09个, 1140米,

GPRMC格式 01时33分13秒, 40度47.634分, 111度141.733分, 011.6米／秒, 343.2, 17年05月10日,
GPGGA格式 01时33分13秒, 40度47.634分, 111度141.733分, 09个, 1139米,

GPRMC格式 01时33分14秒, 40度47.637分, 111度141.732分, 009.7米／秒, 343.4, 17年05月10日,
GPGGA格式 01时33分14秒, 40度47.637分, 111度141.732分, 09个, 1139米,

GPRMC格式 01时33分15秒, 40度47.639分, 111度141.731分, 008.0米／秒, 343.5, 17年05月10日,
GPGGA格式 01时33分15秒, 40度47.639分, 111度141.731分, 10个, 1139米,

GPRMC格式 01时33分16秒, 40度47.641分, 111度141.730分, 007.1米／秒, 343.4, 17年05月10日,
GPGGA格式 01时33分16秒, 40度47.641分, 111度141.730分, 08个, 1140米,

GPRMC格式 01时33分17秒, 40度47.643分, 111度141.730分, 007.0米／秒, 343.3, 17年05月10日,
GPGGA格式 01时33分17秒, 40度47.643分, 111度141.730分, 08个, 1139米,

GPRMC格式 01时33分18秒, 40度47.645分, 111度141.729分, 006.7米／秒, 343.0, 17年05月10日,
GPGGA格式 01时33分18秒, 40度47.645分, 111度141.729分, 08个, 1139米,

GPRMC格式 01时33分19秒, 40度47.646分, 111度141.728分, 005.6米／秒, 343.0, 17年05月10日,
GPGGA格式 01时33分19秒, 40度47.646分, 111度141.728分, 08个, 1138米,

GPRMC格式 01时33分20秒, 40度47.647分, 111度141.728分, 003.9米／秒, 338.0, 17年05月10日,
GPGGA格式 01时33分20秒, 40度47.647分, 111度141.728分, 08个, 1137米,

GPRMC格式 01时33分21秒, 40度47.648分, 111度141.727分, 002.4米／秒, 338.0, 17年05月10日,
GPGGA格式 01时33分21秒, 40度47.648分, 111度141.727分, 08个, 1137米,

GPRMC格式 01时33分22秒, 40度47.648分, 111度141.727分, 001.4米／秒, 338.0, 17年05月10日,
GPGGA格式 01时33分22秒, 40度47.648分, 111度141.727分, 08个, 1136米,

GPRMC格式 01时33分23秒, 40度47.648分, 111度141.727分, 000.9米／秒, 338.0, 17年05月10日,
GPGGA格式 01时33分23秒, 40度47.648分, 111度141.727分, 09个, 1135米,

GPRMC格式 01时33分24秒, 40度47.648分, 111度141.727分, 000.9米／秒, 338.0, 17年05月10日,
GPGGA格式 01时33分24秒, 40度47.648分, 111度141.727分, 09个, 1135米,

GPRMC格式 01时33分25秒, 40度47.617分, 111度141.721分, 001.1米／秒, 338.0, 17年05月10日,
GPGGA格式 01时33分25秒, 40度47.617分, 111度141.721分, 10个, 1132米,

GPRMC格式 01时33分26秒, 40度47.617分, 111度141.720分, 001.1米／秒, 338.0, 17年05月10日,
GPGGA格式 01时33分26秒, 40度47.617分, 111度141.720分, 09个, 1128米,

GPRMC格式 01时33分27秒, 40度47.617分, 111度141.721分, 001.0米／秒, 338.0, 17年05月10日,
GPGGA格式 01时33分27秒, 40度47.617分, 111度141.721分, 09个, 1122米,

GPRMC格式 01时33分28秒, 40度47.618分, 111度141.722分, 001.3米／秒, 338.0, 17年05月10日,
GPGGA格式 01时33分28秒, 40度47.618分, 111度141.722分, 09个, 1119米,

GPRMC格式 01时33分29秒, 40度47.618分, 111度141.722分, 001.5米／秒, 338.0, 17年05月10日,
GPGGA格式 01时33分29秒, 40度47.618分, 111度141.722分, 09个, 1115米,

GPRMC格式 01时33分30秒, 40度47.618分, 111度141.723分, 000.0米／秒, 338.0, 17年05月10日,
GPGGA格式 01时33分30秒, 40度47.618分, 111度141.723分, 09个, 1113米,

GPRMC格式 01时33分31秒, 40度47.617分, 111度141.726分, 000.0米／秒, 338.0, 17年05月10日,
GPGGA格式 01时33分31秒, 40度47.617分, 111度141.726分, 10个, 1101米,

GPRMC格式 01时33分32秒, 40度47.616分, 111度141.728分, 000.0米／秒, 338.0, 17年05月10日,
GPGGA格式 01时33分32秒, 40度47.616分, 111度141.728分, 10个, 1092米,

GPRMC格式 01时33分33秒, 40度47.617分, 111度141.734分, 000.0米／秒, 338.0, 17年05月10日,
GPGGA格式 01时33分33秒, 40度47.617分, 111度141.734分, 10个, 1071米,

GPRMC格式 01时33分34秒, 40度47.617分, 111度141.736分, 000.0米／秒, 338.0, 17年05月10日,
GPGGA格式 01时33分34秒, 40度47.617分, 111度141.736分, 10个, 1063米,

GPRMC格式 01时33分35秒, 40度47.617分, 111度141.736分, 000.1米／秒, 338.0, 17年05月10日,
GPGGA格式 01时33分35秒, 40度47.617分, 111度141.736分, 10个, 1062米,

GPRMC格式 01时33分36秒, 40度47.618分, 111度141.736分, 000.2米／秒, 338.0, 17年05月10日,
GPGGA格式 01时33分36秒, 40度47.618分, 111度141.736分, 10个, 1061米,

GPRMC格式 01时33分37秒, 40度47.618分, 111度141.736分, 000.3米／秒, 338.0, 17年05月10日,
GPGGA格式 01时33分37秒, 40度47.618分, 111度141.736分, 10个, 1060米,

GPRMC格式 01时33分38秒, 40度47.619分, 111度141.735分, 000.3米／秒, 338.0, 17年05月10日,
GPGGA格式 01时33分38秒, 40度47.619分, 111度141.735分, 10个, 1060米,

GPRMC格式 01时33分39秒, 40度47.620分, 111度141.735分, 000.1米／秒, 338.0, 17年05月10日,
GPGGA格式 01时33分39秒, 40度47.620分, 111度141.735分, 10个, 1059米,

GPRMC格式 01时33分40秒, 40度47.620分, 111度141.735分, 000.0米／秒, 338.0, 17年05月10日,
GPGGA格式 01时33分40秒, 40度47.620分, 111度141.735分, 09个, 1058米,

GPRMC格式 01时33分41秒, 40度47.621分, 111度141.735分, 000.0米／秒, 338.0, 17年05月10日,
GPGGA格式 01时33分41秒, 40度47.621分, 111度141.735分, 09个, 1058米,

GPRMC格式 01时33分42秒, 40度47.621分, 111度141.735分, 000.0米／秒, 338.0, 17年05月10日,
GPGGA格式 01时33分42秒, 40度47.621分, 111度141.735分, 09个, 1058米,

GPRMC格式 01时33分43秒, 40度47.621分, 111度141.735分, 000.0米／秒, 338.0, 17年05月10日,
GPGGA格式 01时33分43秒, 40度47.621分, 111度141.735分, 09个, 1058米,

GPRMC格式 01时33分44秒, 40度47.621分, 111度141.735分, 000.0米／秒, 338.0, 17年05月10日,
GPGGA格式 01时33分44秒, 40度47.621分, 111度141.735分, 09个, 1058米,

GPRMC格式 01时33分45秒, 40度47.621分, 111度141.735分, 000.0米／秒, 338.0, 17年05月10日,
GPGGA格式 01时33分45秒, 40度47.621分, 111度141.735分, 09个, 1058米,

GPRMC格式 01时33分46秒, 40度47.621分, 111度141.735分, 000.0米／秒, 338.0, 17年05月10日,
GPGGA格式 01时33分46秒, 40度47.621分, 111度141.735分, 09个, 1058米,

GPRMC格式 01时33分47秒, 40度47.621分, 111度141.735分, 000.0米／秒, 338.0, 17年05月10日,
GPGGA格式 01时33分47秒, 40度47.621分, 111度141.735分, 09个, 1058米,

GPRMC格式 01时33分48秒, 40度47.621分, 111度141.735分, 000.0米／秒, 338.0, 17年05月10日,
GPGGA格式 01时33分48秒, 40度47.621分, 111度141.735分, 09个, 1058米,

GPRMC格式 01时33分49秒, 40度47.621分, 111度141.735分, 000.0米／秒, 338.0, 17年05月10日,
GPGGA格式 01时33分49秒, 40度47.621分, 111度141.735分, 09个, 1058米,

GPRMC格式 01时33分50秒, 40度47.621分, 111度141.735分, 000.0米／秒, 338.0, 17年05月10日,
GPGGA格式 01时33分50秒, 40度47.621分, 111度141.735分, 09个, 1058米,

GPRMC格式 01时33分51秒, 40度47.621分, 111度141.735分, 000.0米／秒, 338.0, 17年05月10日,
GPGGA格式 01时33分51秒, 40度47.621分, 111度141.735分, 09个, 1058米,

GPRMC格式 01时33分52秒, 40度47.621分, 111度141.735分, 000.0米／秒, 338.0, 17年05月10日,
GPGGA格式 01时33分52秒, 40度47.621分, 111度141.735分, 09个, 1058米,

GPRMC格式 01时33分53秒, 40度47.621分, 111度141.735分, 000.0米／秒, 338.0, 17年05月10日,
GPGGA格式 01时33分53秒, 40度47.621分, 111度141.735分, 09个, 1058米,

GPRMC格式 01时33分54秒, 40度47.621分, 111度141.735分, 000.0米／秒, 338.0, 17年05月10日,
GPGGA格式 01时33分54秒, 40度47.621分, 111度141.735分, 09个, 1058米,

GPRMC格式 01时33分55秒, 40度47.621分, 111度141.735分, 000.0米／秒, 338.0, 17年05月10日,
GPGGA格式 01时33分55秒, 40度47.621分, 111度141.735分, 09个, 1058米,

GPRMC格式 01时33分56秒, 40度47.621分, 111度141.735分, 000.0米／秒, 338.0, 17年05月10日,
GPGGA格式 01时33分56秒, 40度47.621分, 111度141.735分, 09个, 1058米,

GPRMC格式 01时33分57秒, 40度47.621分, 111度141.735分, 000.0米／秒, 338.0, 17年05月10日,
GPGGA格式 01时33分57秒, 40度47.621分, 111度141.735分, 10个, 1058米,

GPRMC格式 01时33分58秒, 40度47.621分, 111度141.735分, 000.0米／秒, 338.0, 17年05月10日,
GPGGA格式 01时33分58秒, 40度47.621分, 111度141.735分, 10个, 1058米,

GPRMC格式 01时33分59秒, 40度47.621分, 111度141.735分, 000.0米／秒, 338.0, 17年05月10日,
GPGGA格式 01时33分59秒, 40度47.621分, 111度141.735分, 10个, 1058米,

GPRMC格式 01时34分00秒, 40度47.621分, 111度141.735分, 000.0米／秒, 338.0, 17年05月10日,
GPGGA格式 01时34分00秒, 40度47.621分, 111度141.735分, 10个, 1058米,

GPRMC格式 01时34分01秒, 40度47.621分, 111度141.735分, 000.0米／秒, 338.0, 17年05月10日,
GPGGA格式 01时34分01秒, 40度47.621分, 111度141.735分, 09个, 1058米,

GPRMC格式 01时34分02秒, 40度47.621分, 111度141.735分, 000.0米／秒, 338.0, 17年05月10日,
GPGGA格式 01时34分02秒, 40度47.621分, 111度141.735分, 09个, 1058米,

GPRMC格式 01时34分03秒, 40度47.621分, 111度141.735分, 000.0米／秒, 338.0, 17年05月10日,
GPGGA格式 01时34分03秒, 40度47.621分, 111度141.735分, 09个, 1058米,

GPRMC格式 01时34分04秒, 40度47.621分, 111度141.735分, 000.0米／秒, 338.0, 17年05月10日,
GPGGA格式 01时34分04秒, 40度47.621分, 111度141.735分, 09个, 1058米,

GPRMC格式 01时34分05秒, 40度47.621分, 111度141.735分, 000.0米／秒, 338.0, 17年05月10日,
GPGGA格式 01时34分05秒, 40度47.621分, 111度141.735分, 09个, 1058米,

GPRMC格式 01时34分06秒, 40度47.621分, 111度141.735分, 000.0米／秒, 338.0, 17年05月10日,
GPGGA格式 01时34分06秒, 40度47.621分, 111度141.735分, 09个, 1058米,

GPRMC格式 01时34分07秒, 40度47.621分, 111度141.735分, 000.0米／秒, 338.0, 17年05月10日,
GPGGA格式 01时34分07秒, 40度47.621分, 111度141.735分, 09个, 1058米,

GPRMC格式 01时34分08秒, 40度47.621分, 111度141.735分, 000.0米／秒, 338.0, 17年05月10日,
GPGGA格式 01时34分08秒, 40度47.621分, 111度141.735分, 09个, 1058米,

GPRMC格式 01时34分09秒, 40度47.622分, 111度141.734分, 000.6米／秒, 338.0, 17年05月10日,
GPGGA格式 01时34分09秒, 40度47.622分, 111度141.734分, 09个, 1058米,

GPRMC格式 01时34分10秒, 40度47.622分, 111度141.734分, 000.8米／秒, 338.0, 17年05月10日,
GPGGA格式 01时34分10秒, 40度47.622分, 111度141.734分, 09个, 1058米,

GPRMC格式 01时34分11秒, 40度47.623分, 111度141.734分, 001.0米／秒, 338.0, 17年05月10日,
GPGGA格式 01时34分11秒, 40度47.623分, 111度141.734分, 10个, 1058米,

GPRMC格式 01时34分12秒, 40度47.623分, 111度141.734分, 001.3米／秒, 338.0, 17年05月10日,
GPGGA格式 01时34分12秒, 40度47.623分, 111度141.734分, 10个, 1058米,

GPRMC格式 01时34分13秒, 40度47.623分, 111度141.734分, 001.7米／秒, 338.0, 17年05月10日,
GPGGA格式 01时34分13秒, 40度47.623分, 111度141.734分, 10个, 1058米,

GPRMC格式 01时34分14秒, 40度47.624分, 111度141.734分, 002.3米／秒, 338.0, 17年05月10日,
GPGGA格式 01时34分14秒, 40度47.624分, 111度141.734分, 10个, 1058米,

GPRMC格式 01时34分15秒, 40度47.624分, 111度141.733分, 003.1米／秒, 339.1, 17年05月10日,
GPGGA格式 01时34分15秒, 40度47.624分, 111度141.733分, 10个, 1058米,

GPRMC格式 01时34分16秒, 40度47.626分, 111度141.733分, 001.5米／秒, 340.7, 17年05月10日,
GPGGA格式 01时34分16秒, 40度47.626分, 111度141.733分, 10个, 1058米,

GPRMC格式 01时34分17秒, 40度47.626分, 111度141.733分, 000.0米／秒, 340.7, 17年05月10日,
GPGGA格式 01时34分17秒, 40度47.626分, 111度141.733分, 10个, 1058米,

GPRMC格式 01时34分18秒, 40度47.627分, 111度141.733分, 000.0米／秒, 340.7, 17年05月10日,
GPGGA格式 01时34分18秒, 40度47.627分, 111度141.733分, 10个, 1058米,

GPRMC格式 01时34分19秒, 40度47.627分, 111度141.733分, 000.0米／秒, 340.7, 17年05月10日,
GPGGA格式 01时34分19秒, 40度47.627分, 111度141.733分, 10个, 1058米,

GPRMC格式 01时34分20秒, 40度47.627分, 111度141.733分, 000.0米／秒, 340.7, 17年05月10日,
GPGGA格式 01时34分20秒, 40度47.627分, 111度141.733分, 09个, 1058米,

GPRMC格式 01时34分21秒, 40度47.627分, 111度141.733分, 000.0米／秒, 340.7, 17年05月10日,
GPGGA格式 01时34分21秒, 40度47.627分, 111度141.733分, 09个, 1058米,

GPRMC格式 01时34分22秒, 40度47.627分, 111度141.733分, 000.0米／秒, 340.7, 17年05月10日,
GPGGA格式 01时34分22秒, 40度47.627分, 111度141.733分, 09个, 1058米,

GPRMC格式 01时34分23秒, 40度47.627分, 111度141.733分, 000.0米／秒, 340.7, 17年05月10日,
GPGGA格式 01时34分23秒, 40度47.627分, 111度141.733分, 08个, 1058米,

GPRMC格式 01时34分24秒, 40度47.627分, 111度141.733分, 000.0米／秒, 340.7, 17年05月10日,
GPGGA格式 01时34分24秒, 40度47.627分, 111度141.733分, 10个, 1058米,

GPRMC格式 01时34分25秒, 40度47.627分, 111度141.733分, 000.0米／秒, 340.7, 17年05月10日,
GPGGA格式 01时34分25秒, 40度47.627分, 111度141.733分, 09个, 1058米,

GPRMC格式 01时34分26秒, 40度47.627分, 111度141.733分, 000.0米／秒, 340.7, 17年05月10日,
GPGGA格式 01时34分26秒, 40度47.627分, 111度141.733分, 09个, 1058米,

GPRMC格式 01时34分27秒, 40度47.627分, 111度141.733分, 000.0米／秒, 340.7, 17年05月10日,
GPGGA格式 01时34分27秒, 40度47.627分, 111度141.733分, 09个, 1058米,

GPRMC格式 01时34分28秒, 40度47.627分, 111度141.733分, 000.0米／秒, 340.7, 17年05月10日,
GPGGA格式 01时34分28秒, 40度47.627分, 111度141.733分, 10个, 1058米,

GPRMC格式 01时34分29秒, 40度47.627分, 111度141.733分, 000.0米／秒, 340.7, 17年05月10日,
GPGGA格式 01时34分29秒, 40度47.627分, 111度141.733分, 10个, 1058米,

GPRMC格式 01时34分30秒, 40度47.627分, 111度141.733分, 000.0米／秒, 340.7, 17年05月10日,
GPGGA格式 01时34分30秒, 40度47.627分, 111度141.733分, 10个, 1058米,

GPRMC格式 01时34分31秒, 40度47.627分, 111度141.733分, 000.0米／秒, 340.7, 17年05月10日,
GPGGA格式 01时34分31秒, 40度47.627分, 111度141.733分, 10个, 1058米,

GPRMC格式 01时34分32秒, 40度47.627分, 111度141.733分, 000.0米／秒, 340.7, 17年05月10日,
GPGGA格式 01时34分32秒, 40度47.627分, 111度141.733分, 10个, 1058米,

GPRMC格式 01时34分33秒, 40度47.627分, 111度141.733分, 000.0米／秒, 340.7, 17年05月10日,
GPGGA格式 01时34分33秒, 40度47.627分, 111度141.733分, 10个, 1058米,

GPRMC格式 01时34分34秒, 40度47.627分, 111度141.733分, 000.0米／秒, 340.7, 17年05月10日,
GPGGA格式 01时34分34秒, 40度47.627分, 111度141.733分, 10个, 1058米,

GPRMC格式 01时34分35秒, 40度47.627分, 111度141.733分, 000.0米／秒, 340.7, 17年05月10日,
GPGGA格式 01时34分35秒, 40度47.627分, 111度141.733分, 10个, 1058米,

GPRMC格式 01时34分36秒, 40度47.627分, 111度141.733分, 000.0米／秒, 340.7, 17年05月10日,
GPGGA格式 01时34分36秒, 40度47.627分, 111度141.733分, 10个, 1058米,

GPRMC格式 01时34分37秒, 40度47.627分, 111度141.733分, 000.4米／秒, 340.7, 17年05月10日,
GPGGA格式 01时34分37秒, 40度47.627分, 111度141.733分, 10个, 1058米,

GPRMC格式 01时34分38秒, 40度47.627分, 111度141.733分, 000.4米／秒, 340.7, 17年05月10日,
GPGGA格式 01时34分38秒, 40度47.627分, 111度141.733分, 10个, 1058米,

GPRMC格式 01时34分39秒, 40度47.627分, 111度141.733分, 000.4米／秒, 340.7, 17年05月10日,
GPGGA格式 01时34分39秒, 40度47.627分, 111度141.733分, 10个, 1058米,

GPRMC格式 01时34分40秒, 40度47.627分, 111度141.733分, 000.6米／秒, 337.5, 17年05月10日,
GPGGA格式 01时34分40秒, 40度47.627分, 111度141.733分, 10个, 1058米,

GPRMC格式 01时34分41秒, 40度47.627分, 111度141.733分, 000.6米／秒, 349.7, 17年05月10日,
GPGGA格式 01时34分41秒, 40度47.627分, 111度141.733分, 10个, 1057米,

GPRMC格式 01时34分42秒, 40度47.627分, 111度141.733分, 000.9米／秒, 348.5, 17年05月10日,
GPGGA格式 01时34分42秒, 40度47.627分, 111度141.733分, 10个, 1057米,

GPRMC格式 01时34分43秒, 40度47.627分, 111度141.733分, 000.9米／秒, 347.2, 17年05月10日,
GPGGA格式 01时34分43秒, 40度47.627分, 111度141.733分, 10个, 1057米,

GPRMC格式 01时34分44秒, 40度47.628分, 111度141.732分, 001.1米／秒, 348.9, 17年05月10日,
GPGGA格式 01时34分44秒, 40度47.628分, 111度141.732分, 10个, 1058米,

GPRMC格式 01时34分45秒, 40度47.628分, 111度141.732分, 001.5米／秒, 340.0, 17年05月10日,
GPGGA格式 01时34分45秒, 40度47.628分, 111度141.732分, 10个, 1057米,

GPRMC格式 01时34分46秒, 40度47.628分, 111度141.732分, 001.9米／秒, 341.0, 17年05月10日,
GPGGA格式 01时34分46秒, 40度47.628分, 111度141.732分, 10个, 1057米,

GPRMC格式 01时34分47秒, 40度47.629分, 111度141.731分, 002.5米／秒, 341.4, 17年05月10日,
GPGGA格式 01时34分47秒, 40度47.629分, 111度141.731分, 09个, 1057米,

GPRMC格式 01时34分48秒, 40度47.630分, 111度141.731分, 004.1米／秒, 339.1, 17年05月10日,
GPGGA格式 01时34分48秒, 40度47.630分, 111度141.731分, 09个, 1057米,

GPRMC格式 01时34分49秒, 40度47.631分, 111度141.729分, 005.1米／秒, 337.8, 17年05月10日,
GPGGA格式 01时34分49秒, 40度47.631分, 111度141.729分, 09个, 1057米,

GPRMC格式 01时34分50秒, 40度47.633分, 111度141.729分, 007.0米／秒, 337.0, 17年05月10日,
GPGGA格式 01时34分50秒, 40度47.633分, 111度141.729分, 09个, 1057米,

GPRMC格式 01时34分51秒, 40度47.635分, 111度141.727分, 007.4米／秒, 336.4, 17年05月10日,
GPGGA格式 01时34分51秒, 40度47.635分, 111度141.727分, 09个, 1058米,

GPRMC格式 01时34分52秒, 40度47.637分, 111度141.726分, 008.8米／秒, 335.9, 17年05月10日,
GPGGA格式 01时34分52秒, 40度47.637分, 111度141.726分, 09个, 1058米,

GPRMC格式 01时34分53秒, 40度47.640分, 111度141.724分, 009.7米／秒, 335.1, 17年05月10日,
GPGGA格式 01时34分53秒, 40度47.640分, 111度141.724分, 09个, 1058米,

GPRMC格式 01时34分54秒, 40度47.642分, 111度141.722分, 009.1米／秒, 334.8, 17年05月10日,
GPGGA格式 01时34分54秒, 40度47.642分, 111度141.722分, 09个, 1058米,

GPRMC格式 01时34分55秒, 40度47.645分, 111度141.721分, 008.4米／秒, 335.7, 17年05月10日,
GPGGA格式 01时34分55秒, 40度47.645分, 111度141.721分, 09个, 1058米,

GPRMC格式 01时34分56秒, 40度47.647分, 111度141.720分, 009.3米／秒, 337.2, 17年05月10日,
GPGGA格式 01时34分56秒, 40度47.647分, 111度141.720分, 09个, 1058米,

GPRMC格式 01时34分57秒, 40度47.649分, 111度141.719分, 008.8米／秒, 338.4, 17年05月10日,
GPGGA格式 01时34分57秒, 40度47.649分, 111度141.719分, 09个, 1058米,

GPRMC格式 01时34分58秒, 40度47.651分, 111度141.718分, 008.5米／秒, 340.7, 17年05月10日,
GPGGA格式 01时34分58秒, 40度47.651分, 111度141.718分, 09个, 1058米,

GPRMC格式 01时34分59秒, 40度47.654分, 111度141.717分, 010.0米／秒, 343.2, 17年05月10日,
GPGGA格式 01时34分59秒, 40度47.654分, 111度141.717分, 10个, 1058米,

GPRMC格式 01时35分00秒, 40度47.657分, 111度141.716分, 011.9米／秒, 345.1, 17年05月10日,
GPGGA格式 01时35分00秒, 40度47.657分, 111度141.716分, 10个, 1058米,

GPRMC格式 01时35分01秒, 40度47.660分, 111度141.715分, 012.3米／秒, 345.6, 17年05月10日,
GPGGA格式 01时35分01秒, 40度47.660分, 111度141.715分, 10个, 1057米,

GPRMC格式 01时35分02秒, 40度47.664分, 111度141.714分, 012.0米／秒, 346.5, 17年05月10日,
GPGGA格式 01时35分02秒, 40度47.664分, 111度141.714分, 10个, 1057米,

GPRMC格式 01时35分03秒, 40度47.667分, 111度141.713分, 012.9米／秒, 345.5, 17年05月10日,
GPGGA格式 01时35分03秒, 40度47.667分, 111度141.713分, 10个, 1057米,

GPRMC格式 01时35分04秒, 40度47.670分, 111度141.711分, 012.3米／秒, 343.8, 17年05月10日,
GPGGA格式 01时35分04秒, 40度47.670分, 111度141.711分, 09个, 1058米,

GPRMC格式 01时35分05秒, 40度47.674分, 111度141.709分, 012.4米／秒, 342.7, 17年05月10日,
GPGGA格式 01时35分05秒, 40度47.674分, 111度141.709分, 10个, 1057米,

GPRMC格式 01时35分06秒, 40度47.677分, 111度141.708分, 012.1米／秒, 342.1, 17年05月10日,
GPGGA格式 01时35分06秒, 40度47.677分, 111度141.708分, 09个, 1057米,

GPRMC格式 01时35分07秒, 40度47.680分, 111度141.707分, 011.8米／秒, 341.1, 17年05月10日,
GPGGA格式 01时35分07秒, 40度47.680分, 111度141.707分, 09个, 1057米,

GPRMC格式 01时35分08秒, 40度47.683分, 111度141.705分, 011.3米／秒, 340.8, 17年05月10日,
GPGGA格式 01时35分08秒, 40度47.683分, 111度141.705分, 09个, 1057米,

GPRMC格式 01时35分09秒, 40度47.686分, 111度141.704分, 009.5米／秒, 341.0, 17年05月10日,
GPGGA格式 01时35分09秒, 40度47.686分, 111度141.704分, 09个, 1057米,

GPRMC格式 01时35分10秒, 40度47.688分, 111度141.704分, 008.9米／秒, 340.9, 17年05月10日,
GPGGA格式 01时35分10秒, 40度47.688分, 111度141.704分, 09个, 1058米,

GPRMC格式 01时35分11秒, 40度47.690分, 111度141.703分, 009.0米／秒, 341.5, 17年05月10日,
GPGGA格式 01时35分11秒, 40度47.690分, 111度141.703分, 09个, 1058米,

GPRMC格式 01时35分12秒, 40度47.693分, 111度141.702分, 009.4米／秒, 342.1, 17年05月10日,
GPGGA格式 01时35分12秒, 40度47.693分, 111度141.702分, 09个, 1057米,

GPRMC格式 01时35分13秒, 40度47.695分, 111度141.701分, 008.3米／秒, 343.1, 17年05月10日,
GPGGA格式 01时35分13秒, 40度47.695分, 111度141.701分, 09个, 1057米,

GPRMC格式 01时35分14秒, 40度47.697分, 111度141.701分, 006.0米／秒, 342.0, 17年05月10日,
GPGGA格式 01时35分14秒, 40度47.697分, 111度141.701分, 09个, 1057米,

GPRMC格式 01时35分15秒, 40度47.699分, 111度141.700分, 005.3米／秒, 341.7, 17年05月10日,
GPGGA格式 01时35分15秒, 40度47.699分, 111度141.700分, 09个, 1057米,

GPRMC格式 01时35分16秒, 40度47.700分, 111度141.700分, 004.9米／秒, 343.9, 17年05月10日,
GPGGA格式 01时35分16秒, 40度47.700分, 111度141.700分, 09个, 1056米,

GPRMC格式 01时35分17秒, 40度47.701分, 111度141.699分, 002.4米／秒, 343.9, 17年05月10日,
GPGGA格式 01时35分17秒, 40度47.701分, 111度141.699分, 09个, 1056米,

GPRMC格式 01时35分18秒, 40度47.702分, 111度141.700分, 002.0米／秒, 343.9, 17年05月10日,
GPGGA格式 01时35分18秒, 40度47.702分, 111度141.700分, 09个, 1056米,

GPRMC格式 01时35分19秒, 40度47.702分, 111度141.700分, 002.3米／秒, 343.9, 17年05月10日,
GPGGA格式 01时35分19秒, 40度47.702分, 111度141.700分, 09个, 1057米,

GPRMC格式 01时35分20秒, 40度47.703分, 111度141.701分, 003.1米／秒, 333.9, 17年05月10日,
GPGGA格式 01时35分20秒, 40度47.703分, 111度141.701分, 09个, 1057米,

GPRMC格式 01时35分21秒, 40度47.704分, 111度141.700分, 005.7米／秒, 334.5, 17年05月10日,
GPGGA格式 01时35分21秒, 40度47.704分, 111度141.700分, 08个, 1057米,

GPRMC格式 01时35分22秒, 40度47.706分, 111度141.700分, 009.4米／秒, 335.5, 17年05月10日,
GPGGA格式 01时35分22秒, 40度47.706分, 111度141.700分, 08个, 1057米,

GPRMC格式 01时35分23秒, 40度47.710分, 111度141.699分, 013.1米／秒, 336.1, 17年05月10日,
GPGGA格式 01时35分23秒, 40度47.710分, 111度141.699分, 08个, 1057米,

GPRMC格式 01时35分24秒, 40度47.713分, 111度141.698分, 013.1米／秒, 336.7, 17年05月10日,
GPGGA格式 01时35分24秒, 40度47.713分, 111度141.698分, 08个, 1057米,

GPRMC格式 01时35分25秒, 40度47.716分, 111度141.697分, 009.2米／秒, 339.7, 17年05月10日,
GPGGA格式 01时35分25秒, 40度47.716分, 111度141.697分, 08个, 1057米,

GPRMC格式 01时35分26秒, 40度47.718分, 111度141.696分, 004.5米／秒, 347.2, 17年05月10日,
GPGGA格式 01时35分26秒, 40度47.718分, 111度141.696分, 08个, 1057米,

GPRMC格式 01时35分27秒, 40度47.719分, 111度141.696分, 000.0米／秒, 347.2, 17年05月10日,
GPGGA格式 01时35分27秒, 40度47.719分, 111度141.696分, 08个, 1057米,

GPRMC格式 01时35分28秒, 40度47.719分, 111度141.696分, 000.0米／秒, 347.2, 17年05月10日,
GPGGA格式 01时35分28秒, 40度47.719分, 111度141.696分, 08个, 1057米,

GPRMC格式 01时35分29秒, 40度47.719分, 111度141.695分, 000.0米／秒, 347.2, 17年05月10日,
GPGGA格式 01时35分29秒, 40度47.719分, 111度141.695分, 08个, 1057米,

GPRMC格式 01时35分30秒, 40度47.719分, 111度141.695分, 000.0米／秒, 347.2, 17年05月10日,
GPGGA格式 01时35分30秒, 40度47.719分, 111度141.695分, 07个, 1057米,

GPRMC格式 01时35分31秒, 40度47.719分, 111度141.695分, 000.0米／秒, 347.2, 17年05月10日,
GPGGA格式 01时35分31秒, 40度47.719分, 111度141.695分, 08个, 1057米,

GPRMC格式 01时35分32秒, 40度47.719分, 111度141.695分, 000.0米／秒, 347.2, 17年05月10日,
GPGGA格式 01时35分32秒, 40度47.719分, 111度141.695分, 08个, 1057米,

GPRMC格式 01时35分33秒, 40度47.719分, 111度141.695分, 000.0米／秒, 347.2, 17年05月10日,
GPGGA格式 01时35分33秒, 40度47.719分, 111度141.695分, 08个, 1057米,

GPRMC格式 01时35分34秒, 40度47.719分, 111度141.695分, 000.0米／秒, 347.2, 17年05月10日,
GPGGA格式 01时35分34秒, 40度47.719分, 111度141.695分, 08个, 1057米,

GPRMC格式 01时35分35秒, 40度47.719分, 111度141.695分, 000.0米／秒, 347.2, 17年05月10日,
GPGGA格式 01时35分35秒, 40度47.719分, 111度141.695分, 07个, 1057米,

GPRMC格式 01时35分36秒, 40度47.719分, 111度141.695分, 000.0米／秒, 347.2, 17年05月10日,
GPGGA格式 01时35分36秒, 40度47.719分, 111度141.695分, 07个, 1057米,

GPRMC格式 01时35分37秒, 40度47.719分, 111度141.695分, 000.0米／秒, 347.2, 17年05月10日,
GPGGA格式 01时35分37秒, 40度47.719分, 111度141.695分, 07个, 1057米,

GPRMC格式 01时35分38秒, 40度47.719分, 111度141.695分, 000.0米／秒, 347.2, 17年05月10日,
GPGGA格式 01时35分38秒, 40度47.719分, 111度141.695分, 07个, 1057米,

GPRMC格式 01时35分39秒, 40度47.719分, 111度141.695分, 000.0米／秒, 347.2, 17年05月10日,
GPGGA格式 01时35分39秒, 40度47.719分, 111度141.695分, 07个, 1057米,

GPRMC格式 01时35分40秒, 40度47.719分, 111度141.695分, 000.0米／秒, 347.2, 17年05月10日,
GPGGA格式 01时35分40秒, 40度47.719分, 111度141.695分, 07个, 1057米,

GPRMC格式 01时35分41秒, 40度47.719分, 111度141.695分, 000.0米／秒, 347.2, 17年05月10日,
GPGGA格式 01时35分41秒, 40度47.719分, 111度141.695分, 07个, 1057米,

GPRMC格式 01时35分42秒, 40度47.719分, 111度141.695分, 000.0米／秒, 347.2, 17年05月10日,
GPGGA格式 01时35分42秒, 40度47.719分, 111度141.695分, 07个, 1057米,

GPRMC格式 01时35分43秒, 40度47.719分, 111度141.695分, 000.0米／秒, 347.2, 17年05月10日,
GPGGA格式 01时35分43秒, 40度47.719分, 111度141.695分, 07个, 1057米,

GPRMC格式 01时35分44秒, 40度47.719分, 111度141.695分, 000.0米／秒, 347.2, 17年05月10日,
GPGGA格式 01时35分44秒, 40度47.719分, 111度141.695分, 07个, 1057米,

GPRMC格式 01时35分45秒, 40度47.719分, 111度141.695分, 000.0米／秒, 347.2, 17年05月10日,
GPGGA格式 01时35分45秒, 40度47.719分, 111度141.695分, 07个, 1057米,

GPRMC格式 01时35分46秒, 40度47.719分, 111度141.695分, 000.0米／秒, 347.2, 17年05月10日,
GPGGA格式 01时35分46秒, 40度47.719分, 111度141.695分, 07个, 1057米,

GPRMC格式 01时35分47秒, 40度47.719分, 111度141.695分, 000.0米／秒, 347.2, 17年05月10日,
GPGGA格式 01时35分47秒, 40度47.719分, 111度141.695分, 07个, 1057米,

GPRMC格式 01时35分48秒, 40度47.719分, 111度141.695分, 000.0米／秒, 347.2, 17年05月10日,
GPGGA格式 01时35分48秒, 40度47.719分, 111度141.695分, 07个, 1057米,

GPRMC格式 01时35分49秒, 40度47.719分, 111度141.695分, 000.0米／秒, 347.2, 17年05月10日,
GPGGA格式 01时35分49秒, 40度47.719分, 111度141.695分, 07个, 1057米,

GPRMC格式 01时35分50秒, 40度47.719分, 111度141.695分, 000.0米／秒, 347.2, 17年05月10日,
GPGGA格式 01时35分50秒, 40度47.719分, 111度141.695分, 07个, 1057米,

GPRMC格式 01时35分51秒, 40度47.719分, 111度141.695分, 000.0米／秒, 347.2, 17年05月10日,
GPGGA格式 01时35分51秒, 40度47.719分, 111度141.695分, 07个, 1057米,

GPRMC格式 01时35分52秒, 40度47.719分, 111度141.695分, 000.0米／秒, 347.2, 17年05月10日,
GPGGA格式 01时35分52秒, 40度47.719分, 111度141.695分, 07个, 1057米,

GPRMC格式 01时35分53秒, 40度47.719分, 111度141.695分, 000.0米／秒, 347.2, 17年05月10日,
GPGGA格式 01时35分53秒, 40度47.719分, 111度141.695分, 07个, 1057米,

GPRMC格式 01时35分54秒, 40度47.719分, 111度141.695分, 000.0米／秒, 347.2, 17年05月10日,
GPGGA格式 01时35分54秒, 40度47.719分, 111度141.695分, 08个, 1057米,

GPRMC格式 01时35分55秒, 40度47.719分, 111度141.695分, 000.0米／秒, 347.2, 17年05月10日,
GPGGA格式 01时35分55秒, 40度47.719分, 111度141.695分, 08个, 1057米,

GPRMC格式 01时35分56秒, 40度47.719分, 111度141.695分, 000.0米／秒, 347.2, 17年05月10日,
GPGGA格式 01时35分56秒, 40度47.719分, 111度141.695分, 08个, 1057米,

GPRMC格式 01时35分57秒, 40度47.719分, 111度141.695分, 000.0米／秒, 347.2, 17年05月10日,
GPGGA格式 01时35分57秒, 40度47.719分, 111度141.695分, 08个, 1057米,

GPRMC格式 01时35分58秒, 40度47.719分, 111度141.695分, 000.0米／秒, 347.2, 17年05月10日,
GPGGA格式 01时35分58秒, 40度47.719分, 111度141.695分, 08个, 1057米,

GPRMC格式 01时35分59秒, 40度47.719分, 111度141.695分, 000.0米／秒, 347.2, 17年05月10日,
GPGGA格式 01时35分59秒, 40度47.719分, 111度141.695分, 08个, 1057米,

GPRMC格式 01时36分00秒, 40度47.719分, 111度141.695分, 000.0米／秒, 347.2, 17年05月10日,
GPGGA格式 01时36分00秒, 40度47.719分, 111度141.695分, 09个, 1057米,

GPRMC格式 01时36分01秒, 40度47.719分, 111度141.695分, 000.0米／秒, 347.2, 17年05月10日,
GPGGA格式 01时36分01秒, 40度47.719分, 111度141.695分, 09个, 1057米,

GPRMC格式 01时36分02秒, 40度47.719分, 111度141.695分, 000.0米／秒, 347.2, 17年05月10日,
GPGGA格式 01时36分02秒, 40度47.719分, 111度141.695分, 09个, 1057米,

GPRMC格式 01时36分03秒, 40度47.719分, 111度141.695分, 000.0米／秒, 347.2, 17年05月10日,
GPGGA格式 01时36分03秒, 40度47.719分, 111度141.695分, 08个, 1057米,

GPRMC格式 01时36分04秒, 40度47.719分, 111度141.695分, 000.0米／秒, 347.2, 17年05月10日,
GPGGA格式 01时36分04秒, 40度47.719分, 111度141.695分, 08个, 1057米,

GPRMC格式 01时36分05秒, 40度47.719分, 111度141.695分, 000.0米／秒, 347.2, 17年05月10日,
GPGGA格式 01时36分05秒, 40度47.719分, 111度141.695分, 08个, 1057米,

GPRMC格式 01时36分06秒, 40度47.719分, 111度141.695分, 000.0米／秒, 347.2, 17年05月10日,
GPGGA格式 01时36分06秒, 40度47.719分, 111度141.695分, 08个, 1057米,

GPRMC格式 01时36分07秒, 40度47.719分, 111度141.695分, 000.0米／秒, 347.2, 17年05月10日,
GPGGA格式 01时36分07秒, 40度47.719分, 111度141.695分, 08个, 1057米,

GPRMC格式 01时36分08秒, 40度47.719分, 111度141.695分, 000.0米／秒, 347.2, 17年05月10日,
GPGGA格式 01时36分08秒, 40度47.719分, 111度141.695分, 08个, 1057米,

GPRMC格式 01时36分09秒, 40度47.719分, 111度141.695分, 000.0米／秒, 347.2, 17年05月10日,
GPGGA格式 01时36分09秒, 40度47.719分, 111度141.695分, 08个, 1057米,

GPRMC格式 01时36分10秒, 40度47.719分, 111度141.695分, 000.0米／秒, 347.2, 17年05月10日,
GPGGA格式 01时36分10秒, 40度47.719分, 111度141.695分, 08个, 1057米,

GPRMC格式 01时36分11秒, 40度47.719分, 111度141.695分, 000.0米／秒, 347.2, 17年05月10日,
GPGGA格式 01时36分11秒, 40度47.719分, 111度141.695分, 08个, 1057米,

GPRMC格式 01时36分12秒, 40度47.719分, 111度141.695分, 000.0米／秒, 347.2, 17年05月10日,
GPGGA格式 01时36分12秒, 40度47.719分, 111度141.695分, 08个, 1057米,

GPRMC格式 01时36分13秒, 40度47.719分, 111度141.695分, 000.0米／秒, 347.2, 17年05月10日,
GPGGA格式 01时36分13秒, 40度47.719分, 111度141.695分, 08个, 1057米,

GPRMC格式 01时36分14秒, 40度47.719分, 111度141.695分, 000.0米／秒, 347.2, 17年05月10日,
GPGGA格式 01时36分14秒, 40度47.719分, 111度141.695分, 08个, 1057米,

GPRMC格式 01时36分15秒, 40度47.719分, 111度141.695分, 000.0米／秒, 347.2, 17年05月10日,
GPGGA格式 01时36分15秒, 40度47.719分, 111度141.695分, 08个, 1057米,

GPRMC格式 01时36分16秒, 40度47.719分, 111度141.695分, 000.0米／秒, 347.2, 17年05月10日,
GPGGA格式 01时36分16秒, 40度47.719分, 111度141.695分, 08个, 1057米,

GPRMC格式 01时36分17秒, 40度47.719分, 111度141.695分, 000.0米／秒, 347.2, 17年05月10日,
GPGGA格式 01时36分17秒, 40度47.719分, 111度141.695分, 08个, 1057米,

GPRMC格式 01时36分18秒, 40度47.719分, 111度141.695分, 000.0米／秒, 347.2, 17年05月10日,
GPGGA格式 01时36分18秒, 40度47.719分, 111度141.695分, 08个, 1057米,

GPRMC格式 01时36分19秒, 40度47.719分, 111度141.695分, 000.0米／秒, 347.2, 17年05月10日,
GPGGA格式 01时36分19秒, 40度47.719分, 111度141.695分, 08个, 1057米,

GPRMC格式 01时36分20秒, 40度47.719分, 111度141.695分, 000.0米／秒, 347.2, 17年05月10日,
GPGGA格式 01时36分20秒, 40度47.719分, 111度141.695分, 08个, 1057米,

GPRMC格式 01时36分21秒, 40度47.719分, 111度141.695分, 000.0米／秒, 347.2, 17年05月10日,
GPGGA格式 01时36分21秒, 40度47.719分, 111度141.695分, 08个, 1057米,

GPRMC格式 01时36分22秒, 40度47.719分, 111度141.695分, 000.0米／秒, 347.2, 17年05月10日,
GPGGA格式 01时36分22秒, 40度47.719分, 111度141.695分, 08个, 1057米,

GPRMC格式 01时36分23秒, 40度47.719分, 111度141.695分, 000.0米／秒, 347.2, 17年05月10日,
GPGGA格式 01时36分23秒, 40度47.719分, 111度141.695分, 08个, 1057米,

GPRMC格式 01时36分24秒, 40度47.719分, 111度141.695分, 000.0米／秒, 347.2, 17年05月10日,
GPGGA格式 01时36分24秒, 40度47.719分, 111度141.695分, 09个, 1057米,

GPRMC格式 01时36分25秒, 40度47.719分, 111度141.695分, 000.0米／秒, 347.2, 17年05月10日,
GPGGA格式 01时36分25秒, 40度47.719分, 111度141.695分, 08个, 1057米,

GPRMC格式 01时36分26秒, 40度47.719分, 111度141.695分, 000.0米／秒, 347.2, 17年05月10日,
GPGGA格式 01时36分26秒, 40度47.719分, 111度141.695分, 09个, 1057米,

GPRMC格式 01时36分27秒, 40度47.719分, 111度141.695分, 000.0米／秒, 347.2, 17年05月10日,
GPGGA格式 01时36分27秒, 40度47.719分, 111度141.695分, 09个, 1057米,

GPRMC格式 01时36分28秒, 40度47.719分, 111度141.695分, 000.0米／秒, 347.2, 17年05月10日,
GPGGA格式 01时36分28秒, 40度47.719分, 111度141.695分, 09个, 1057米,

GPRMC格式 01时36分29秒, 40度47.719分, 111度141.695分, 000.0米／秒, 347.2, 17年05月10日,
GPGGA格式 01时36分29秒, 40度47.719分, 111度141.695分, 09个, 1057米,

GPRMC格式 01时36分30秒, 40度47.719分, 111度141.695分, 000.0米／秒, 347.2, 17年05月10日,
GPGGA格式 01时36分30秒, 40度47.719分, 111度141.695分, 10个, 1057米,

GPRMC格式 01时36分31秒, 40度47.719分, 111度141.695分, 000.0米／秒, 347.2, 17年05月10日,
GPGGA格式 01时36分31秒, 40度47.719分, 111度141.695分, 09个, 1057米,

GPRMC格式 01时36分32秒, 40度47.719分, 111度141.695分, 000.0米／秒, 347.2, 17年05月10日,
GPGGA格式 01时36分32秒, 40度47.719分, 111度141.695分, 09个, 1057米,

GPRMC格式 01时36分33秒, 40度47.719分, 111度141.695分, 000.0米／秒, 347.2, 17年05月10日,
GPGGA格式 01时36分33秒, 40度47.719分, 111度141.695分, 09个, 1057米,

GPRMC格式 01时36分34秒, 40度47.719分, 111度141.695分, 000.0米／秒, 347.2, 17年05月10日,
GPGGA格式 01时36分34秒, 40度47.719分, 111度141.695分, 09个, 1057米,

GPRMC格式 01时36分35秒, 40度47.719分, 111度141.695分, 000.0米／秒, 347.2, 17年05月10日,
GPGGA格式 01时36分35秒, 40度47.719分, 111度141.695分, 09个, 1057米,

GPRMC格式 01时36分36秒, 40度47.719分, 111度141.695分, 000.0米／秒, 347.2, 17年05月10日,
GPGGA格式 01时36分36秒, 40度47.719分, 111度141.695分, 09个, 1057米,

GPRMC格式 01时36分37秒, 40度47.719分, 111度141.695分, 000.0米／秒, 347.2, 17年05月10日,
GPGGA格式 01时36分37秒, 40度47.719分, 111度141.695分, 09个, 1057米,

GPRMC格式 01时36分38秒, 40度47.719分, 111度141.695分, 000.0米／秒, 347.2, 17年05月10日,
GPGGA格式 01时36分38秒, 40度47.719分, 111度141.695分, 09个, 1057米,

GPRMC格式 01时36分39秒, 40度47.719分, 111度141.695分, 000.0米／秒, 347.2, 17年05月10日,
GPGGA格式 01时36分39秒, 40度47.719分, 111度141.695分, 09个, 1057米,

GPRMC格式 01时36分40秒, 40度47.719分, 111度141.695分, 000.0米／秒, 347.2, 17年05月10日,
GPGGA格式 01时36分40秒, 40度47.719分, 111度141.695分, 09个, 1057米,

GPRMC格式 01时36分41秒, 40度47.719分, 111度141.695分, 000.0米／秒, 347.2, 17年05月10日,
GPGGA格式 01时36分41秒, 40度47.719分, 111度141.695分, 09个, 1057米,

GPRMC格式 01时36分42秒, 40度47.719分, 111度141.695分, 000.0米／秒, 347.2, 17年05月10日,
GPGGA格式 01时36分42秒, 40度47.719分, 111度141.695分, 09个, 1057米,

GPRMC格式 01时36分43秒, 40度47.719分, 111度141.695分, 000.0米／秒, 347.2, 17年05月10日,
GPGGA格式 01时36分43秒, 40度47.719分, 111度141.695分, 09个, 1057米,

GPRMC格式 01时36分44秒, 40度47.719分, 111度141.695分, 000.0米／秒, 347.2, 17年05月10日,
GPGGA格式 01时36分44秒, 40度47.719分, 111度141.695分, 09个, 1057米,

GPRMC格式 01时36分45秒, 40度47.719分, 111度141.695分, 000.0米／秒, 347.2, 17年05月10日,
GPGGA格式 01时36分45秒, 40度47.719分, 111度141.695分, 09个, 1057米,

GPRMC格式 01时36分46秒, 40度47.719分, 111度141.695分, 000.0米／秒, 347.2, 17年05月10日,
GPGGA格式 01时36分46秒, 40度47.719分, 111度141.695分, 09个, 1057米,

GPRMC格式 01时36分47秒, 40度47.719分, 111度141.695分, 000.0米／秒, 347.2, 17年05月10日,
GPGGA格式 01时36分47秒, 40度47.719分, 111度141.695分, 10个, 1057米,

GPRMC格式 01时36分48秒, 40度47.719分, 111度141.695分, 000.0米／秒, 347.2, 17年05月10日,
GPGGA格式 01时36分48秒, 40度47.719分, 111度141.695分, 10个, 1057米,

GPRMC格式 01时36分49秒, 40度47.719分, 111度141.695分, 000.0米／秒, 347.2, 17年05月10日,
GPGGA格式 01时36分49秒, 40度47.719分, 111度141.695分, 10个, 1057米,

GPRMC格式 01时36分50秒, 40度47.719分, 111度141.695分, 000.0米／秒, 347.2, 17年05月10日,
GPGGA格式 01时36分50秒, 40度47.719分, 111度141.695分, 10个, 1057米,

GPRMC格式 01时36分51秒, 40度47.719分, 111度141.695分, 000.0米／秒, 347.2, 17年05月10日,
GPGGA格式 01时36分51秒, 40度47.719分, 111度141.695分, 10个, 1057米,

GPRMC格式 01时36分52秒, 40度47.719分, 111度141.695分, 000.0米／秒, 347.2, 17年05月10日,
GPGGA格式 01时36分52秒, 40度47.719分, 111度141.695分, 10个, 1057米,

GPRMC格式 01时36分53秒, 40度47.719分, 111度141.695分, 000.0米／秒, 347.2, 17年05月10日,
GPGGA格式 01时36分53秒, 40度47.719分, 111度141.695分, 10个, 1057米,

GPRMC格式 01时36分54秒, 40度47.719分, 111度141.695分, 000.0米／秒, 347.2, 17年05月10日,
GPGGA格式 01时36分54秒, 40度47.719分, 111度141.695分, 10个, 1057米,

GPRMC格式 01时36分55秒, 40度47.719分, 111度141.695分, 000.0米／秒, 347.2, 17年05月10日,
GPGGA格式 01时36分55秒, 40度47.719分, 111度141.695分, 10个, 1057米,

GPRMC格式 01时36分56秒, 40度47.719分, 111度141.695分, 000.0米／秒, 347.2, 17年05月10日,
GPGGA格式 01时36分56秒, 40度47.719分, 111度141.695分, 10个, 1057米,

GPRMC格式 01时36分57秒, 40度47.719分, 111度141.695分, 000.0米／秒, 347.2, 17年05月10日,
GPGGA格式 01时36分57秒, 40度47.719分, 111度141.695分, 10个, 1057米,

GPRMC格式 01时36分58秒, 40度47.719分, 111度141.695分, 000.0米／秒, 347.2, 17年05月10日,
GPGGA格式 01时36分58秒, 40度47.719分, 111度141.695分, 10个, 1057米,

GPRMC格式 01时36分59秒, 40度47.719分, 111度141.695分, 000.0米／秒, 347.2, 17年05月10日,
GPGGA格式 01时36分59秒, 40度47.719分, 111度141.695分, 10个, 1057米,

GPRMC格式 01时37分00秒, 40度47.719分, 111度141.695分, 000.0米／秒, 347.2, 17年05月10日,
GPGGA格式 01时37分00秒, 40度47.719分, 111度141.695分, 10个, 1057米,

GPRMC格式 01时37分01秒, 40度47.719分, 111度141.695分, 000.0米／秒, 347.2, 17年05月10日,
GPGGA格式 01时37分01秒, 40度47.719分, 111度141.695分, 10个, 1057米,

GPRMC格式 01时37分02秒, 40度47.719分, 111度141.695分, 000.0米／秒, 347.2, 17年05月10日,
GPGGA格式 01时37分02秒, 40度47.719分, 111度141.695分, 10个, 1057米,

GPRMC格式 01时37分03秒, 40度47.719分, 111度141.695分, 000.0米／秒, 347.2, 17年05月10日,
GPGGA格式 01时37分03秒, 40度47.719分, 111度141.695分, 10个, 1057米,

GPRMC格式 01时37分04秒, 40度47.719分, 111度141.695分, 000.0米／秒, 347.2, 17年05月10日,
GPGGA格式 01时37分04秒, 40度47.719分, 111度141.695分, 10个, 1057米,

GPRMC格式 01时37分05秒, 40度47.722分, 111度141.691分, 003.5米／秒, 343.1, 17年05月10日,
GPGGA格式 01时37分05秒, 40度47.722分, 111度141.691分, 09个, 1053米,

GPRMC格式 01时37分06秒, 40度47.724分, 111度141.690分, 007.8米／秒, 342.6, 17年05月10日,
GPGGA格式 01时37分06秒, 40度47.724分, 111度141.690分, 10个, 1053米,

GPRMC格式 01时37分07秒, 40度47.726分, 111度141.688分, 011.0米／秒, 339.3, 17年05月10日,
GPGGA格式 01时37分07秒, 40度47.726分, 111度141.688分, 10个, 1054米,

GPRMC格式 01时37分08秒, 40度47.730分, 111度141.687分, 013.0米／秒, 340.1, 17年05月10日,
GPGGA格式 01时37分08秒, 40度47.730分, 111度141.687分, 10个, 1054米,

GPRMC格式 01时37分09秒, 40度47.733分, 111度141.685分, 014.8米／秒, 339.4, 17年05月10日,
GPGGA格式 01时37分09秒, 40度47.733分, 111度141.685分, 10个, 1054米,

GPRMC格式 01时37分10秒, 40度47.737分, 111度141.682分, 015.9米／秒, 338.5, 17年05月10日,
GPGGA格式 01时37分10秒, 40度47.737分, 111度141.682分, 10个, 1054米,

GPRMC格式 01时37分11秒, 40度47.742分, 111度141.680分, 016.0米／秒, 337.7, 17年05月10日,
GPGGA格式 01时37分11秒, 40度47.742分, 111度141.680分, 10个, 1054米,

GPRMC格式 01时37分12秒, 40度47.746分, 111度141.678分, 016.2米／秒, 338.3, 17年05月10日,
GPGGA格式 01时37分12秒, 40度47.746分, 111度141.678分, 10个, 1054米,

GPRMC格式 01时37分13秒, 40度47.750分, 111度141.676分, 017.8米／秒, 338.1, 17年05月10日,
GPGGA格式 01时37分13秒, 40度47.750分, 111度141.676分, 10个, 1055米,

GPRMC格式 01时37分14秒, 40度47.755分, 111度141.673分, 018.1米／秒, 338.6, 17年05月10日,
GPGGA格式 01时37分14秒, 40度47.755分, 111度141.673分, 10个, 1055米,

GPRMC格式 01时37分15秒, 40度47.760分, 111度141.670分, 019.6米／秒, 338.8, 17年05月10日,
GPGGA格式 01时37分15秒, 40度47.760分, 111度141.670分, 09个, 1056米,

GPRMC格式 01时37分16秒, 40度47.765分, 111度141.668分, 020.3米／秒, 338.1, 17年05月10日,
GPGGA格式 01时37分16秒, 40度47.765分, 111度141.668分, 10个, 1056米,

GPRMC格式 01时37分17秒, 40度47.770分, 111度141.665分, 020.1米／秒, 338.9, 17年05月10日,
GPGGA格式 01时37分17秒, 40度47.770分, 111度141.665分, 09个, 1056米,

GPRMC格式 01时37分18秒, 40度47.776分, 111度141.663分, 020.0米／秒, 340.1, 17年05月10日,
GPGGA格式 01时37分18秒, 40度47.776分, 111度141.663分, 09个, 1056米,

GPRMC格式 01时37分19秒, 40度47.781分, 111度141.660分, 020.8米／秒, 341.3, 17年05月10日,
GPGGA格式 01时37分19秒, 40度47.781分, 111度141.660分, 09个, 1057米,

GPRMC格式 01时37分20秒, 40度47.787分, 111度141.658分, 021.8米／秒, 342.9, 17年05月10日,
GPGGA格式 01时37分20秒, 40度47.787分, 111度141.658分, 10个, 1057米,

GPRMC格式 01时37分21秒, 40度47.793分, 111度141.656分, 022.9米／秒, 344.0, 17年05月10日,
GPGGA格式 01时37分21秒, 40度47.793分, 111度141.656分, 10个, 1057米,

GPRMC格式 01时37分22秒, 40度47.800分, 111度141.653分, 023.5米／秒, 343.0, 17年05月10日,
GPGGA格式 01时37分22秒, 40度47.800分, 111度141.653分, 10个, 1058米,

GPRMC格式 01时37分23秒, 40度47.806分, 111度141.650分, 023.8米／秒, 343.2, 17年05月10日,
GPGGA格式 01时37分23秒, 40度47.806分, 111度141.650分, 10个, 1059米,

GPRMC格式 01时37分24秒, 40度47.813分, 111度141.648分, 023.1米／秒, 343.9, 17年05月10日,
GPGGA格式 01时37分24秒, 40度47.813分, 111度141.648分, 09个, 1059米,

GPRMC格式 01时37分25秒, 40度47.818分, 111度141.646分, 020.1米／秒, 345.0, 17年05月10日,
GPGGA格式 01时37分25秒, 40度47.818分, 111度141.646分, 10个, 1060米,

GPRMC格式 01时37分26秒, 40度47.823分, 111度141.645分, 015.3米／秒, 346.2, 17年05月10日,
GPGGA格式 01时37分26秒, 40度47.823分, 111度141.645分, 09个, 1060米,

GPRMC格式 01时37分27秒, 40度47.827分, 111度141.644分, 012.5米／秒, 346.7, 17年05月10日,
GPGGA格式 01时37分27秒, 40度47.827分, 111度141.644分, 10个, 1060米,

GPRMC格式 01时37分28秒, 40度47.830分, 111度141.642分, 010.5米／秒, 345.8, 17年05月10日,
GPGGA格式 01时37分28秒, 40度47.830分, 111度141.642分, 10个, 1060米,

GPRMC格式 01时37分29秒, 40度47.832分, 111度141.641分, 008.3米／秒, 344.2, 17年05月10日,
GPGGA格式 01时37分29秒, 40度47.832分, 111度141.641分, 10个, 1060米,

GPRMC格式 01时37分30秒, 40度47.834分, 111度141.640分, 006.9米／秒, 342.0, 17年05月10日,
GPGGA格式 01时37分30秒, 40度47.834分, 111度141.640分, 10个, 1060米,

GPRMC格式 01时37分31秒, 40度47.836分, 111度141.639分, 006.6米／秒, 339.9, 17年05月10日,
GPGGA格式 01时37分31秒, 40度47.836分, 111度141.639分, 09个, 1061米,

GPRMC格式 01时37分32秒, 40度47.838分, 111度141.638分, 008.6米／秒, 337.9, 17年05月10日,
GPGGA格式 01时37分32秒, 40度47.838分, 111度141.638分, 10个, 1061米,

GPRMC格式 01时37分33秒, 40度47.840分, 111度141.637分, 011.8米／秒, 337.2, 17年05月10日,
GPGGA格式 01时37分33秒, 40度47.840分, 111度141.637分, 09个, 1061米,

GPRMC格式 01时37分34秒, 40度47.844分, 111度141.635分, 014.5米／秒, 337.4, 17年05月10日,
GPGGA格式 01时37分34秒, 40度47.844分, 111度141.635分, 10个, 1061米,

GPRMC格式 01时37分35秒, 40度47.848分, 111度141.633分, 015.4米／秒, 338.2, 17年05月10日,
GPGGA格式 01时37分35秒, 40度47.848分, 111度141.633分, 09个, 1061米,

GPRMC格式 01时37分36秒, 40度47.853分, 111度141.630分, 017.5米／秒, 339.2, 17年05月10日,
GPGGA格式 01时37分36秒, 40度47.853分, 111度141.630分, 09个, 1061米,

GPRMC格式 01时37分37秒, 40度47.857分, 111度141.628分, 018.4米／秒, 339.8, 17年05月10日,
GPGGA格式 01时37分37秒, 40度47.857分, 111度141.628分, 09个, 1061米,

GPRMC格式 01时37分38秒, 40度47.862分, 111度141.626分, 018.4米／秒, 340.5, 17年05月10日,
GPGGA格式 01时37分38秒, 40度47.862分, 111度141.626分, 09个, 1061米,

GPRMC格式 01时37分39秒, 40度47.867分, 111度141.623分, 019.0米／秒, 341.4, 17年05月10日,
GPGGA格式 01时37分39秒, 40度47.867分, 111度141.623分, 09个, 1061米,

GPRMC格式 01时37分40秒, 40度47.873分, 111度141.621分, 018.7米／秒, 342.5, 17年05月10日,
GPGGA格式 01时37分40秒, 40度47.873分, 111度141.621分, 09个, 1062米,

GPRMC格式 01时37分41秒, 40度47.878分, 111度141.619分, 018.7米／秒, 343.4, 17年05月10日,
GPGGA格式 01时37分41秒, 40度47.878分, 111度141.619分, 09个, 1062米,

GPRMC格式 01时37分42秒, 40度47.883分, 111度141.617分, 019.3米／秒, 343.7, 17年05月10日,
GPGGA格式 01时37分42秒, 40度47.883分, 111度141.617分, 10个, 1062米,

GPRMC格式 01时37分43秒, 40度47.889分, 111度141.615分, 019.8米／秒, 343.1, 17年05月10日,
GPGGA格式 01时37分43秒, 40度47.889分, 111度141.615分, 10个, 1062米,

GPRMC格式 01时37分44秒, 40度47.894分, 111度141.612分, 019.5米／秒, 341.8, 17年05月10日,
GPGGA格式 01时37分44秒, 40度47.894分, 111度141.612分, 10个, 1062米,

GPRMC格式 01时37分45秒, 40度47.899分, 111度141.610分, 019.0米／秒, 340.4, 17年05月10日,
GPGGA格式 01时37分45秒, 40度47.899分, 111度141.610分, 09个, 1062米,

GPRMC格式 01时37分46秒, 40度47.904分, 111度141.607分, 018.7米／秒, 339.8, 17年05月10日,
GPGGA格式 01时37分46秒, 40度47.904分, 111度141.607分, 10个, 1062米,

GPRMC格式 01时37分47秒, 40度47.909分, 111度141.605分, 019.0米／秒, 339.3, 17年05月10日,
GPGGA格式 01时37分47秒, 40度47.909分, 111度141.605分, 10个, 1062米,

GPRMC格式 01时37分48秒, 40度47.914分, 111度141.603分, 017.5米／秒, 339.9, 17年05月10日,
GPGGA格式 01时37分48秒, 40度47.914分, 111度141.603分, 10个, 1062米,

GPRMC格式 01时37分49秒, 40度47.919分, 111度141.601分, 016.6米／秒, 340.6, 17年05月10日,
GPGGA格式 01时37分49秒, 40度47.919分, 111度141.601分, 10个, 1062米,

GPRMC格式 01时37分50秒, 40度47.923分, 111度141.599分, 015.5米／秒, 340.9, 17年05月10日,
GPGGA格式 01时37分50秒, 40度47.923分, 111度141.599分, 10个, 1063米,

GPRMC格式 01时37分51秒, 40度47.927分, 111度141.597分, 014.4米／秒, 340.9, 17年05月10日,
GPGGA格式 01时37分51秒, 40度47.927分, 111度141.597分, 10个, 1063米,

GPRMC格式 01时37分52秒, 40度47.930分, 111度141.594分, 013.3米／秒, 340.4, 17年05月10日,
GPGGA格式 01时37分52秒, 40度47.930分, 111度141.594分, 09个, 1064米,

GPRMC格式 01时37分53秒, 40度47.934分, 111度141.593分, 012.3米／秒, 339.6, 17年05月10日,
GPGGA格式 01时37分53秒, 40度47.934分, 111度141.593分, 09个, 1064米,

GPRMC格式 01时37分54秒, 40度47.937分, 111度141.591分, 011.1米／秒, 339.0, 17年05月10日,
GPGGA格式 01时37分54秒, 40度47.937分, 111度141.591分, 09个, 1064米,

GPRMC格式 01时37分55秒, 40度47.939分, 111度141.590分, 009.8米／秒, 338.7, 17年05月10日,
GPGGA格式 01时37分55秒, 40度47.939分, 111度141.590分, 09个, 1064米,

GPRMC格式 01时37分56秒, 40度47.942分, 111度141.589分, 009.5米／秒, 338.4, 17年05月10日,
GPGGA格式 01时37分56秒, 40度47.942分, 111度141.589分, 09个, 1063米,

GPRMC格式 01时37分57秒, 40度47.945分, 111度141.587分, 010.2米／秒, 344.7, 17年05月10日,
GPGGA格式 01时37分57秒, 40度47.945分, 111度141.587分, 09个, 1063米,

GPRMC格式 01时37分58秒, 40度47.947分, 111度141.587分, 010.0米／秒, 344.9, 17年05月10日,
GPGGA格式 01时37分58秒, 40度47.947分, 111度141.587分, 10个, 1063米,

GPRMC格式 01时37分59秒, 40度47.950分, 111度141.586分, 008.6米／秒, 347.4, 17年05月10日,
GPGGA格式 01时37分59秒, 40度47.950分, 111度141.586分, 10个, 1063米,

GPRMC格式 01时38分00秒, 40度47.952分, 111度141.586分, 007.9米／秒, 354.1, 17年05月10日,
GPGGA格式 01时38分00秒, 40度47.952分, 111度141.586分, 10个, 1062米,

GPRMC格式 01时38分01秒, 40度47.955分, 111度141.585分, 008.6米／秒, 353.3, 17年05月10日,
GPGGA格式 01时38分01秒, 40度47.955分, 111度141.585分, 10个, 1062米,

GPRMC格式 01时38分02秒, 40度47.957分, 111度141.584分, 009.3米／秒, 352.4, 17年05月10日,
GPGGA格式 01时38分02秒, 40度47.957分, 111度141.584分, 10个, 1062米,

GPRMC格式 01时38分03秒, 40度47.959分, 111度141.583分, 008.0米／秒, 351.4, 17年05月10日,
GPGGA格式 01时38分03秒, 40度47.959分, 111度141.583分, 10个, 1062米,

GPRMC格式 01时38分04秒, 40度47.961分, 111度141.582分, 006.9米／秒, 350.5, 17年05月10日,
GPGGA格式 01时38分04秒, 40度47.961分, 111度141.582分, 10个, 1062米,

GPRMC格式 01时38分05秒, 40度47.963分, 111度141.582分, 004.5米／秒, 349.3, 17年05月10日,
GPGGA格式 01时38分05秒, 40度47.963分, 111度141.582分, 10个, 1062米,

GPRMC格式 01时38分06秒, 40度47.964分, 111度141.581分, 003.2米／秒, 345.4, 17年05月10日,
GPGGA格式 01时38分06秒, 40度47.964分, 111度141.581分, 10个, 1062米,

GPRMC格式 01时38分07秒, 40度47.964分, 111度141.582分, 002.2米／秒, 345.4, 17年05月10日,
GPGGA格式 01时38分07秒, 40度47.964分, 111度141.582分, 10个, 1063米,

GPRMC格式 01时38分08秒, 40度47.965分, 111度141.581分, 000.1米／秒, 345.4, 17年05月10日,
GPGGA格式 01时38分08秒, 40度47.965分, 111度141.581分, 10个, 1063米,

GPRMC格式 01时38分09秒, 40度47.965分, 111度141.581分, 000.0米／秒, 345.4, 17年05月10日,
GPGGA格式 01时38分09秒, 40度47.965分, 111度141.581分, 10个, 1063米,

GPRMC格式 01时38分10秒, 40度47.966分, 111度141.580分, 000.0米／秒, 345.4, 17年05月10日,
GPGGA格式 01时38分10秒, 40度47.966分, 111度141.580分, 10个, 1064米,

GPRMC格式 01时38分11秒, 40度47.966分, 111度141.580分, 000.0米／秒, 345.4, 17年05月10日,
GPGGA格式 01时38分11秒, 40度47.966分, 111度141.580分, 10个, 1064米,

GPRMC格式 01时38分12秒, 40度47.966分, 111度141.580分, 000.0米／秒, 345.4, 17年05月10日,
GPGGA格式 01时38分12秒, 40度47.966分, 111度141.580分, 09个, 1064米,

GPRMC格式 01时38分13秒, 40度47.966分, 111度141.580分, 000.0米／秒, 345.4, 17年05月10日,
GPGGA格式 01时38分13秒, 40度47.966分, 111度141.580分, 09个, 1064米,

GPRMC格式 01时38分14秒, 40度47.966分, 111度141.580分, 000.0米／秒, 345.4, 17年05月10日,
GPGGA格式 01时38分14秒, 40度47.966分, 111度141.580分, 09个, 1064米,

GPRMC格式 01时38分15秒, 40度47.966分, 111度141.580分, 000.0米／秒, 345.4, 17年05月10日,
GPGGA格式 01时38分15秒, 40度47.966分, 111度141.580分, 09个, 1064米,

GPRMC格式 01时38分16秒, 40度47.966分, 111度141.580分, 000.0米／秒, 345.4, 17年05月10日,
GPGGA格式 01时38分16秒, 40度47.966分, 111度141.580分, 09个, 1064米,

GPRMC格式 01时38分17秒, 40度47.966分, 111度141.580分, 000.0米／秒, 345.4, 17年05月10日,
GPGGA格式 01时38分17秒, 40度47.966分, 111度141.580分, 09个, 1064米,

GPRMC格式 01时38分18秒, 40度47.966分, 111度141.580分, 000.0米／秒, 345.4, 17年05月10日,
GPGGA格式 01时38分18秒, 40度47.966分, 111度141.580分, 09个, 1064米,

GPRMC格式 01时38分19秒, 40度47.967分, 111度141.580分, 001.6米／秒, 345.4, 17年05月10日,
GPGGA格式 01时38分19秒, 40度47.967分, 111度141.580分, 09个, 1064米,

GPRMC格式 01时38分20秒, 40度47.967分, 111度141.579分, 002.5米／秒, 345.4, 17年05月10日,
GPGGA格式 01时38分20秒, 40度47.967分, 111度141.579分, 09个, 1064米,

GPRMC格式 01时38分21秒, 40度47.969分, 111度141.579分, 002.9米／秒, 337.4, 17年05月10日,
GPGGA格式 01时38分21秒, 40度47.969分, 111度141.579分, 10个, 1064米,

GPRMC格式 01时38分22秒, 40度47.970分, 111度141.579分, 002.2米／秒, 340.6, 17年05月10日,
GPGGA格式 01时38分22秒, 40度47.970分, 111度141.579分, 10个, 1064米,

GPRMC格式 01时38分23秒, 40度47.970分, 111度141.578分, 000.8米／秒, 341.4, 17年05月10日,
GPGGA格式 01时38分23秒, 40度47.970分, 111度141.578分, 10个, 1064米,

GPRMC格式 01时38分24秒, 40度47.970分, 111度141.578分, 000.0米／秒, 341.4, 17年05月10日,
GPGGA格式 01时38分24秒, 40度47.970分, 111度141.578分, 10个, 1064米,

GPRMC格式 01时38分25秒, 40度47.971分, 111度141.578分, 000.0米／秒, 341.4, 17年05月10日,
GPGGA格式 01时38分25秒, 40度47.971分, 111度141.578分, 10个, 1064米,

GPRMC格式 01时38分26秒, 40度47.971分, 111度141.578分, 000.0米／秒, 341.4, 17年05月10日,
GPGGA格式 01时38分26秒, 40度47.971分, 111度141.578分, 10个, 1064米,

GPRMC格式 01时38分27秒, 40度47.971分, 111度141.578分, 000.0米／秒, 341.4, 17年05月10日,
GPGGA格式 01时38分27秒, 40度47.971分, 111度141.578分, 10个, 1064米,

GPRMC格式 01时38分28秒, 40度47.971分, 111度141.578分, 000.0米／秒, 341.4, 17年05月10日,
GPGGA格式 01时38分28秒, 40度47.971分, 111度141.578分, 10个, 1064米,

GPRMC格式 01时38分29秒, 40度47.971分, 111度141.578分, 000.0米／秒, 341.4, 17年05月10日,
GPGGA格式 01时38分29秒, 40度47.971分, 111度141.578分, 10个, 1064米,

GPRMC格式 01时38分30秒, 40度47.971分, 111度141.578分, 000.0米／秒, 341.4, 17年05月10日,
GPGGA格式 01时38分30秒, 40度47.971分, 111度141.578分, 10个, 1064米,

GPRMC格式 01时38分31秒, 40度47.971分, 111度141.578分, 000.0米／秒, 341.4, 17年05月10日,
GPGGA格式 01时38分31秒, 40度47.971分, 111度141.578分, 10个, 1064米,

GPRMC格式 01时38分32秒, 40度47.971分, 111度141.578分, 000.0米／秒, 341.4, 17年05月10日,
GPGGA格式 01时38分32秒, 40度47.971分, 111度141.578分, 10个, 1064米,

GPRMC格式 01时38分33秒, 40度47.971分, 111度141.578分, 000.0米／秒, 341.4, 17年05月10日,
GPGGA格式 01时38分33秒, 40度47.971分, 111度141.578分, 10个, 1064米,

GPRMC格式 01时38分34秒, 40度47.971分, 111度141.578分, 000.0米／秒, 341.4, 17年05月10日,
GPGGA格式 01时38分34秒, 40度47.971分, 111度141.578分, 10个, 1064米,

GPRMC格式 01时38分35秒, 40度47.971分, 111度141.578分, 000.0米／秒, 341.4, 17年05月10日,
GPGGA格式 01时38分35秒, 40度47.971分, 111度141.578分, 10个, 1064米,

GPRMC格式 01时38分36秒, 40度47.971分, 111度141.578分, 000.0米／秒, 341.4, 17年05月10日,
GPGGA格式 01时38分36秒, 40度47.971分, 111度141.578分, 10个, 1064米,

GPRMC格式 01时38分37秒, 40度47.972分, 111度141.578分, 001.2米／秒, 335.6, 17年05月10日,
GPGGA格式 01时38分37秒, 40度47.972分, 111度141.578分, 10个, 1064米,

GPRMC格式 01时38分38秒, 40度47.972分, 111度141.578分, 001.6米／秒, 338.4, 17年05月10日,
GPGGA格式 01时38分38秒, 40度47.972分, 111度141.578分, 10个, 1064米,

GPRMC格式 01时38分39秒, 40度47.973分, 111度141.578分, 001.4米／秒, 345.1, 17年05月10日,
GPGGA格式 01时38分39秒, 40度47.973分, 111度141.578分, 10个, 1064米,

GPRMC格式 01时38分40秒, 40度47.973分, 111度141.577分, 001.5米／秒, 344.4, 17年05月10日,
GPGGA格式 01时38分40秒, 40度47.973分, 111度141.577分, 10个, 1064米,

GPRMC格式 01时38分41秒, 40度47.974分, 111度141.577分, 001.7米／秒, 343.8, 17年05月10日,
GPGGA格式 01时38分41秒, 40度47.974分, 111度141.577分, 10个, 1064米,

GPRMC格式 01时38分42秒, 40度47.974分, 111度141.577分, 001.5米／秒, 346.0, 17年05月10日,
GPGGA格式 01时38分42秒, 40度47.974分, 111度141.577分, 09个, 1064米,

GPRMC格式 01时38分43秒, 40度47.975分, 111度141.577分, 001.0米／秒, 348.3, 17年05月10日,
GPGGA格式 01时38分43秒, 40度47.975分, 111度141.577分, 09个, 1064米,

GPRMC格式 01时38分44秒, 40度47.975分, 111度141.577分, 000.7米／秒, 356.5, 17年05月10日,
GPGGA格式 01时38分44秒, 40度47.975分, 111度141.577分, 09个, 1064米,

GPRMC格式 01时38分45秒, 40度47.975分, 111度141.577分, 000.4米／秒, 356.5, 17年05月10日,
GPGGA格式 01时38分45秒, 40度47.975分, 111度141.577分, 10个, 1064米,

GPRMC格式 01时38分46秒, 40度47.975分, 111度141.577分, 000.4米／秒, 356.5, 17年05月10日,
GPGGA格式 01时38分46秒, 40度47.975分, 111度141.577分, 09个, 1063米,

GPRMC格式 01时38分47秒, 40度47.975分, 111度141.577分, 000.5米／秒, 351.0, 17年05月10日,
GPGGA格式 01时38分47秒, 40度47.975分, 111度141.577分, 09个, 1063米,

GPRMC格式 01时38分48秒, 40度47.976分, 111度141.577分, 000.7米／秒, 338.0, 17年05月10日,
GPGGA格式 01时38分48秒, 40度47.976分, 111度141.577分, 09个, 1063米,

GPRMC格式 01时38分49秒, 40度47.976分, 111度141.577分, 001.0米／秒, 334.6, 17年05月10日,
GPGGA格式 01时38分49秒, 40度47.976分, 111度141.577分, 09个, 1063米,

GPRMC格式 01时38分50秒, 40度47.976分, 111度141.577分, 000.6米／秒, 351.2, 17年05月10日,
GPGGA格式 01时38分50秒, 40度47.976分, 111度141.577分, 10个, 1063米,

GPRMC格式 01时38分51秒, 40度47.976分, 111度141.577分, 000.0米／秒, 351.2, 17年05月10日,
GPGGA格式 01时38分51秒, 40度47.976分, 111度141.577分, 08个, 1063米,

GPRMC格式 01时38分52秒, 40度47.976分, 111度141.577分, 000.0米／秒, 351.2, 17年05月10日,
GPGGA格式 01时38分52秒, 40度47.976分, 111度141.577分, 09个, 1063米,

GPRMC格式 01时38分53秒, 40度47.976分, 111度141.577分, 000.0米／秒, 351.2, 17年05月10日,
GPGGA格式 01时38分53秒, 40度47.976分, 111度141.577分, 09个, 1063米,

GPRMC格式 01时38分54秒, 40度47.976分, 111度141.577分, 000.0米／秒, 351.2, 17年05月10日,
GPGGA格式 01时38分54秒, 40度47.976分, 111度141.577分, 09个, 1063米,

GPRMC格式 01时38分55秒, 40度47.976分, 111度141.577分, 000.0米／秒, 351.2, 17年05月10日,
GPGGA格式 01时38分55秒, 40度47.976分, 111度141.577分, 09个, 1063米,

GPRMC格式 01时38分56秒, 40度47.976分, 111度141.577分, 000.0米／秒, 351.2, 17年05月10日,
GPGGA格式 01时38分56秒, 40度47.976分, 111度141.577分, 09个, 1063米,

GPRMC格式 01时38分57秒, 40度47.976分, 111度141.577分, 000.0米／秒, 351.2, 17年05月10日,
GPGGA格式 01时38分57秒, 40度47.976分, 111度141.577分, 09个, 1063米,

GPRMC格式 01时38分58秒, 40度47.976分, 111度141.577分, 000.0米／秒, 351.2, 17年05月10日,
GPGGA格式 01时38分58秒, 40度47.976分, 111度141.577分, 09个, 1063米,

GPRMC格式 01时38分59秒, 40度47.976分, 111度141.577分, 000.0米／秒, 351.2, 17年05月10日,
GPGGA格式 01时38分59秒, 40度47.976分, 111度141.577分, 10个, 1063米,

GPRMC格式 01时39分00秒, 40度47.976分, 111度141.577分, 000.0米／秒, 351.2, 17年05月10日,
GPGGA格式 01时39分00秒, 40度47.976分, 111度141.577分, 10个, 1063米,

GPRMC格式 01时39分01秒, 40度47.976分, 111度141.577分, 000.0米／秒, 351.2, 17年05月10日,
GPGGA格式 01时39分01秒, 40度47.976分, 111度141.577分, 10个, 1063米,

GPRMC格式 01时39分02秒, 40度47.976分, 111度141.577分, 000.0米／秒, 351.2, 17年05月10日,
GPGGA格式 01时39分02秒, 40度47.976分, 111度141.577分, 10个, 1063米,

GPRMC格式 01时39分03秒, 40度47.976分, 111度141.577分, 000.0米／秒, 351.2, 17年05月10日,
GPGGA格式 01时39分03秒, 40度47.976分, 111度141.577分, 10个, 1063米,

GPRMC格式 01时39分04秒, 40度47.976分, 111度141.577分, 000.0米／秒, 351.2, 17年05月10日,
GPGGA格式 01时39分04秒, 40度47.976分, 111度141.577分, 10个, 1063米,

GPRMC格式 01时39分05秒, 40度47.976分, 111度141.577分, 000.0米／秒, 351.2, 17年05月10日,
GPGGA格式 01时39分05秒, 40度47.976分, 111度141.577分, 10个, 1063米,

GPRMC格式 01时39分06秒, 40度47.976分, 111度141.577分, 000.0米／秒, 351.2, 17年05月10日,
GPGGA格式 01时39分06秒, 40度47.976分, 111度141.577分, 09个, 1063米,

GPRMC格式 01时39分07秒, 40度47.976分, 111度141.577分, 000.0米／秒, 351.2, 17年05月10日,
GPGGA格式 01时39分07秒, 40度47.976分, 111度141.577分, 09个, 1063米,

GPRMC格式 01时39分08秒, 40度47.976分, 111度141.577分, 000.0米／秒, 351.2, 17年05月10日,
GPGGA格式 01时39分08秒, 40度47.976分, 111度141.577分, 10个, 1063米,

GPRMC格式 01时39分09秒, 40度47.976分, 111度141.577分, 000.0米／秒, 351.2, 17年05月10日,
GPGGA格式 01时39分09秒, 40度47.976分, 111度141.577分, 10个, 1063米,

GPRMC格式 01时39分10秒, 40度47.976分, 111度141.577分, 000.0米／秒, 351.2, 17年05月10日,
GPGGA格式 01时39分10秒, 40度47.976分, 111度141.577分, 10个, 1063米,

GPRMC格式 01时39分11秒, 40度47.976分, 111度141.577分, 000.0米／秒, 351.2, 17年05月10日,
GPGGA格式 01时39分11秒, 40度47.976分, 111度141.577分, 10个, 1063米,

GPRMC格式 01时39分12秒, 40度47.976分, 111度141.577分, 000.0米／秒, 351.2, 17年05月10日,
GPGGA格式 01时39分12秒, 40度47.976分, 111度141.577分, 10个, 1063米,

GPRMC格式 01时39分13秒, 40度47.977分, 111度141.576分, 002.5米／秒, 323.8, 17年05月10日,
GPGGA格式 01时39分13秒, 40度47.977分, 111度141.576分, 10个, 1063米,

GPRMC格式 01时39分14秒, 40度47.978分, 111度141.575分, 006.0米／秒, 324.5, 17年05月10日,
GPGGA格式 01时39分14秒, 40度47.978分, 111度141.575分, 10个, 1063米,

GPRMC格式 01时39分15秒, 40度47.981分, 111度141.574分, 008.0米／秒, 325.9, 17年05月10日,
GPGGA格式 01时39分15秒, 40度47.981分, 111度141.574分, 09个, 1063米,

GPRMC格式 01时39分16秒, 40度47.983分, 111度141.573分, 009.2米／秒, 326.8, 17年05月10日,
GPGGA格式 01时39分16秒, 40度47.983分, 111度141.573分, 10个, 1063米,

GPRMC格式 01时39分17秒, 40度47.986分, 111度141.572分, 011.8米／秒, 328.2, 17年05月10日,
GPGGA格式 01时39分17秒, 40度47.986分, 111度141.572分, 10个, 1063米,

GPRMC格式 01时39分18秒, 40度47.990分, 111度141.570分, 012.3米／秒, 329.7, 17年05月10日,
GPGGA格式 01时39分18秒, 40度47.990分, 111度141.570分, 10个, 1063米,

GPRMC格式 01时39分19秒, 40度47.993分, 111度141.569分, 011.1米／秒, 331.0, 17年05月10日,
GPGGA格式 01时39分19秒, 40度47.993分, 111度141.569分, 10个, 1063米,

GPRMC格式 01时39分20秒, 40度47.996分, 111度141.567分, 010.6米／秒, 332.2, 17年05月10日,
GPGGA格式 01时39分20秒, 40度47.996分, 111度141.567分, 10个, 1063米,

GPRMC格式 01时39分21秒, 40度47.998分, 111度141.566分, 008.9米／秒, 333.4, 17年05月10日,
GPGGA格式 01时39分21秒, 40度47.998分, 111度141.566分, 10个, 1063米,

GPRMC格式 01时39分22秒, 40度48.000分, 111度141.565分, 006.9米／秒, 334.3, 17年05月10日,
GPGGA格式 01时39分22秒, 40度48.000分, 111度141.565分, 10个, 1064米,

GPRMC格式 01时39分23秒, 40度48.002分, 111度141.564分, 007.8米／秒, 335.2, 17年05月10日,
GPGGA格式 01时39分23秒, 40度48.002分, 111度141.564分, 10个, 1064米,

GPRMC格式 01时39分24秒, 40度48.005分, 111度141.562分, 009.1米／秒, 336.0, 17年05月10日,
GPGGA格式 01时39分24秒, 40度48.005分, 111度141.562分, 10个, 1065米,

GPRMC格式 01时39分25秒, 40度48.007分, 111度141.560分, 009.9米／秒, 336.9, 17年05月10日,
GPGGA格式 01时39分25秒, 40度48.007分, 111度141.560分, 10个, 1066米,

GPRMC格式 01时39分26秒, 40度48.010分, 111度141.559分, 010.3米／秒, 337.6, 17年05月10日,
GPGGA格式 01时39分26秒, 40度48.010分, 111度141.559分, 10个, 1066米,

GPRMC格式 01时39分27秒, 40度48.013分, 111度141.557分, 012.2米／秒, 339.7, 17年05月10日,
GPGGA格式 01时39分27秒, 40度48.013分, 111度141.557分, 10个, 1067米,

GPRMC格式 01时39分28秒, 40度48.016分, 111度141.555分, 013.7米／秒, 340.9, 17年05月10日,
GPGGA格式 01时39分28秒, 40度48.016分, 111度141.555分, 10个, 1067米,

GPRMC格式 01时39分29秒, 40度48.020分, 111度141.554分, 014.5米／秒, 341.7, 17年05月10日,
GPGGA格式 01时39分29秒, 40度48.020分, 111度141.554分, 10个, 1068米,

GPRMC格式 01时39分30秒, 40度48.024分, 111度141.552分, 014.6米／秒, 342.2, 17年05月10日,
GPGGA格式 01时39分30秒, 40度48.024分, 111度141.552分, 10个, 1069米,

GPRMC格式 01时39分31秒, 40度48.028分, 111度141.550分, 014.1米／秒, 342.3, 17年05月10日,
GPGGA格式 01时39分31秒, 40度48.028分, 111度141.550分, 10个, 1069米,

GPRMC格式 01时39分31秒, 40度48.028分, 111度141.550分, 014.1米／秒, 342.3, 17年05月10日,
GPGGA格式 01时39分31秒, 40度48.028分, 111度141.550分, 10个, 1069米,

GPRMC格式 01时39分32秒, 40度48.031分, 111度141.549分, 012.4米／秒, 341.9, 17年05月10日,
GPGGA格式 01时39分32秒, 40度48.031分, 111度141.549分, 10个, 1069米,

GPRMC格式 01时39分33秒, 40度48.034分, 111度141.547分, 009.5米／秒, 341.9, 17年05月10日,
GPGGA格式 01时39分33秒, 40度48.034分, 111度141.547分, 10个, 1069米,

GPRMC格式 01时39分34秒, 40度48.037分, 111度141.546分, 007.8米／秒, 341.7, 17年05月10日,
GPGGA格式 01时39分34秒, 40度48.037分, 111度141.546分, 10个, 1069米,

GPRMC格式 01时39分35秒, 40度48.039分, 111度141.545分, 008.7米／秒, 342.2, 17年05月10日,
GPGGA格式 01时39分35秒, 40度48.039分, 111度141.545分, 09个, 1068米,

GPRMC格式 01时39分36秒, 40度48.042分, 111度141.544分, 010.5米／秒, 342.2, 17年05月10日,
GPGGA格式 01时39分36秒, 40度48.042分, 111度141.544分, 10个, 1069米,

GPRMC格式 01时39分37秒, 40度48.045分, 111度141.543分, 010.9米／秒, 341.7, 17年05月10日,
GPGGA格式 01时39分37秒, 40度48.045分, 111度141.543分, 09个, 1069米,

GPRMC格式 01时39分38秒, 40度48.047分, 111度141.541分, 011.2米／秒, 340.9, 17年05月10日,
GPGGA格式 01时39分38秒, 40度48.047分, 111度141.541分, 09个, 1068米,

GPRMC格式 01时39分39秒, 40度48.051分, 111度141.540分, 012.1米／秒, 339.6, 17年05月10日,
GPGGA格式 01时39分39秒, 40度48.051分, 111度141.540分, 09个, 1068米,

GPRMC格式 01时39分40秒, 40度48.054分, 111度141.538分, 014.5米／秒, 338.2, 17年05月10日,
GPGGA格式 01时39分40秒, 40度48.054分, 111度141.538分, 09个, 1067米,

GPRMC格式 01时39分41秒, 40度48.058分, 111度141.535分, 016.8米／秒, 337.5, 17年05月10日,
GPGGA格式 01时39分41秒, 40度48.058分, 111度141.535分, 08个, 1067米,

GPRMC格式 01时39分42秒, 40度48.063分, 111度141.533分, 017.4米／秒, 338.0, 17年05月10日,
GPGGA格式 01时39分42秒, 40度48.063分, 111度141.533分, 09个, 1067米,

GPRMC格式 01时39分44秒, 40度48.072分, 111度141.529分, 015.4米／秒, 339.2, 17年05月10日,
GPGGA格式 01时39分44秒, 40度48.072分, 111度141.529分, 09个, 1067米,

GPRMC格式 01时39分45秒, 40度48.076分, 111度141.527分, 016.1米／秒, 341.1, 17年05月10日,
GPGGA格式 01时39分45秒, 40度48.076分, 111度141.527分, 09个, 1067米,

GPRMC格式 01时39分46秒, 40度48.081分, 111度141.526分, 017.1米／秒, 343.0, 17年05月10日,
GPGGA格式 01时39分46秒, 40度48.081分, 111度141.526分, 09个, 1068米,

GPRMC格式 01时39分46秒, 40度48.081分, 111度141.526分, 017.1米／秒, 343.0, 17年05月10日,
GPGGA格式 01时39分46秒, 40度48.081分, 111度141.526分, 09个, 1068米,

GPRMC格式 01时39分48秒, 40度48.092分, 111度141.523分, 019.9米／秒, 345.9, 17年05月10日,
GPGGA格式 01时39分48秒, 40度48.092分, 111度141.523分, 08个, 1068米,

GPRMC格式 01时39分48秒, 40度48.092分, 111度141.523分, 019.9米／秒, 345.9, 17年05月10日,
GPGGA格式 01时39分48秒, 40度48.092分, 111度141.523分, 08个, 1069米,

GPRMC格式 01时39分50秒, 40度48.103分, 111度141.519分, 020.2米／秒, 346.0, 17年05月10日,
GPGGA格式 01时39分50秒, 40度48.103分, 111度141.519分, 08个, 1069米,

GPRMC格式 01时39分50秒, 40度48.103分, 111度141.519分, 020.2米／秒, 346.0, 17年05月10日,
GPGGA格式 01时39分50秒, 40度48.103分, 111度141.519分, 09个, 1070米,

GPRMC格式 01时39分51秒, 40度48.108分, 111度141.516分, 020.4米／秒, 345.7, 17年05月10日,
GPGGA格式 01时39分51秒, 40度48.108分, 111度141.516分, 09个, 1070米,

GPRMC格式 01时39分52秒, 40度48.113分, 111度141.513分, 021.3米／秒, 345.4, 17年05月10日,
GPGGA格式 01时39分52秒, 40度48.113分, 111度141.513分, 09个, 1070米,

GPRMC格式 01时39分53秒, 40度48.119分, 111度141.510分, 021.4米／秒, 344.6, 17年05月10日,
GPGGA格式 01时39分53秒, 40度48.119分, 111度141.510分, 09个, 1070米,

GPRMC格式 01时39分55秒, 40度48.131分, 111度141.505分, 021.7米／秒, 342.0, 17年05月10日,
GPGGA格式 01时39分55秒, 40度48.131分, 111度141.505分, 09个, 1070米,

GPRMC格式 01时39分55秒, 40度48.131分, 111度141.505分, 021.7米／秒, 342.0, 17年05月10日,
GPGGA格式 01时39分55秒, 40度48.131分, 111度141.505分, 09个, 1069米,

GPRMC格式 01时39分56秒, 40度48.137分, 111度141.502分, 022.6米／秒, 341.1, 17年05月10日,
GPGGA格式 01时39分56秒, 40度48.137分, 111度141.502分, 09个, 1069米,

GPRMC格式 01时39分57秒, 40度48.142分, 111度141.499分, 021.6米／秒, 340.5, 17年05月10日,
GPGGA格式 01时39分57秒, 40度48.142分, 111度141.499分, 10个, 1070米,

GPRMC格式 01时39分58秒, 40度48.148分, 111度141.496分, 020.0米／秒, 340.5, 17年05月10日,
GPGGA格式 01时39分58秒, 40度48.148分, 111度141.496分, 10个, 1070米,

GPRMC格式 01时39分59秒, 40度48.153分, 111度141.494分, 019.0米／秒, 341.6, 17年05月10日,
GPGGA格式 01时39分59秒, 40度48.153分, 111度141.494分, 10个, 1070米,

GPRMC格式 01时40分00秒, 40度48.158分, 111度141.492分, 018.7米／秒, 343.0, 17年05月10日,
GPGGA格式 01时40分00秒, 40度48.158分, 111度141.492分, 10个, 1070米,

GPRMC格式 01时40分02秒, 40度48.168分, 111度141.488分, 018.6米／秒, 343.7, 17年05月10日,
GPGGA格式 01时40分02秒, 40度48.168分, 111度141.488分, 10个, 1070米,

GPRMC格式 01时40分02秒, 40度48.168分, 111度141.488分, 018.6米／秒, 343.7, 17年05月10日,
GPGGA格式 01时40分02秒, 40度48.168分, 111度141.488分, 10个, 1069米,

GPRMC格式 01时40分04秒, 40度48.178分, 111度141.483分, 018.9米／秒, 341.3, 17年05月10日,
GPGGA格式 01时40分04秒, 40度48.178分, 111度141.483分, 10个, 1069米,

GPRMC格式 01时40分04秒, 40度48.178分, 111度141.483分, 018.9米／秒, 341.3, 17年05月10日,
GPGGA格式 01时40分04秒, 40度48.178分, 111度141.483分, 10个, 1070米,

GPRMC格式 01时40分05秒, 40度48.183分, 111度141.481分, 018.9米／秒, 340.1, 17年05月10日,
GPGGA格式 01时40分05秒, 40度48.183分, 111度141.481分, 10个, 1069米,

GPRMC格式 01时40分06秒, 40度48.189分, 111度141.478分, 018.3米／秒, 340.0, 17年05月10日,
GPGGA格式 01时40分06秒, 40度48.189分, 111度141.478分, 10个, 1069米,

GPRMC格式 01时40分07秒, 40度48.193分, 111度141.476分, 018.3米／秒, 340.2, 17年05月10日,
GPGGA格式 01时40分07秒, 40度48.193分, 111度141.476分, 10个, 1069米,

GPRMC格式 01时40分08秒, 40度48.198分, 111度141.473分, 017.9米／秒, 340.5, 17年05月10日,
GPGGA格式 01时40分08秒, 40度48.198分, 111度141.473分, 10个, 1069米,

GPRMC格式 01时40分09秒, 40度48.203分, 111度141.471分, 017.9米／秒, 341.2, 17年05月10日,
GPGGA格式 01时40分09秒, 40度48.203分, 111度141.471分, 10个, 1070米,

GPRMC格式 01时40分10秒, 40度48.207分, 111度141.469分, 017.7米／秒, 341.3, 17年05月10日,
GPGGA格式 01时40分10秒, 40度48.207分, 111度141.469分, 10个, 1070米,

GPRMC格式 01时40分11秒, 40度48.212分, 111度141.466分, 017.4米／秒, 341.1, 17年05月10日,
GPGGA格式 01时40分11秒, 40度48.212分, 111度141.466分, 10个, 1070米,

GPRMC格式 01时40分12秒, 40度48.216分, 111度141.464分, 016.8米／秒, 341.3, 17年05月10日,
GPGGA格式 01时40分12秒, 40度48.216分, 111度141.464分, 10个, 1070米,

GPRMC格式 01时40分13秒, 40度48.221分, 111度141.462分, 016.8米／秒, 342.1, 17年05月10日,
GPGGA格式 01时40分13秒, 40度48.221分, 111度141.462分, 10个, 1070米,

GPRMC格式 01时40分14秒, 40度48.225分, 111度141.460分, 017.2米／秒, 342.3, 17年05月10日,
GPGGA格式 01时40分14秒, 40度48.225分, 111度141.460分, 10个, 1070米,

GPRMC格式 01时40分16秒, 40度48.235分, 111度141.455分, 019.9米／秒, 340.2, 17年05月10日,
GPGGA格式 01时40分16秒, 40度48.235分, 111度141.455分, 10个, 1071米,

GPRMC格式 01时40分16秒, 40度48.235分, 111度141.455分, 019.9米／秒, 340.2, 17年05月10日,
GPGGA格式 01时40分16秒, 40度48.235分, 111度141.455分, 10个, 1070米,

GPRMC格式 01时40分17秒, 40度48.240分, 111度141.452分, 020.1米／秒, 339.4, 17年05月10日,
GPGGA格式 01时40分17秒, 40度48.240分, 111度141.452分, 10个, 1071米,

GPRMC格式 01时40分19秒, 40度48.250分, 111度141.447分, 018.3米／秒, 339.5, 17年05月10日,
GPGGA格式 01时40分19秒, 40度48.250分, 111度141.447分, 10个, 1071米,

GPRMC格式 01时40分19秒, 40度48.250分, 111度141.447分, 018.3米／秒, 339.5, 17年05月10日,
GPGGA格式 01时40分19秒, 40度48.250分, 111度141.447分, 10个, 1071米,

GPRMC格式 01时40分20秒, 40度48.255分, 111度141.445分, 016.4米／秒, 340.6, 17年05月10日,
GPGGA格式 01时40分20秒, 40度48.255分, 111度141.445分, 10个, 1071米,

GPRMC格式 01时40分22秒, 40度48.262分, 111度141.441分, 013.2米／秒, 340.4, 17年05月10日,
GPGGA格式 01时40分22秒, 40度48.262分, 111度141.441分, 10个, 1071米,

GPRMC格式 01时40分22秒, 40度48.262分, 111度141.441分, 013.2米／秒, 340.4, 17年05月10日,
GPGGA格式 01时40分22秒, 40度48.262分, 111度141.441分, 10个, 1071米,

GPRMC格式 01时40分23秒, 40度48.265分, 111度141.439分, 011.1米／秒, 339.8, 17年05月10日,
GPGGA格式 01时40分23秒, 40度48.265分, 111度141.439分, 10个, 1071米,

GPRMC格式 01时40分24秒, 40度48.268分, 111度141.438分, 009.0米／秒, 339.6, 17年05月10日,
GPGGA格式 01时40分24秒, 40度48.268分, 111度141.438分, 10个, 1071米,

GPRMC格式 01时40分25秒, 40度48.270分, 111度141.438分, 005.6米／秒, 340.3, 17年05月10日,
GPGGA格式 01时40分25秒, 40度48.270分, 111度141.438分, 10个, 1071米,

GPRMC格式 01时40分26秒, 40度48.272分, 111度141.438分, 002.9米／秒, 340.6, 17年05月10日,
GPGGA格式 01时40分26秒, 40度48.272分, 111度141.438分, 10个, 1070米,

GPRMC格式 01时40分28秒, 40度48.273分, 111度141.438分, 000.1米／秒, 340.9, 17年05月10日,
GPGGA格式 01时40分28秒, 40度48.273分, 111度141.438分, 10个, 1070米,

GPRMC格式 01时40分29秒, 40度48.273分, 111度141.438分, 000.1米／秒, 340.9, 17年05月10日,
GPGGA格式 01时40分29秒, 40度48.273分, 111度141.438分, 10个, 1070米,

GPRMC格式 01时40分29秒, 40度48.273分, 111度141.438分, 000.1米／秒, 340.9, 17年05月10日,
GPGGA格式 01时40分29秒, 40度48.273分, 111度141.438分, 10个, 1070米,

GPRMC格式 01时40分30秒, 40度48.273分, 111度141.438分, 000.0米／秒, 340.9, 17年05月10日,
GPGGA格式 01时40分30秒, 40度48.273分, 111度141.438分, 10个, 1070米,

GPRMC格式 01时40分31秒, 40度48.273分, 111度141.437分, 000.0米／秒, 340.9, 17年05月10日,
GPGGA格式 01时40分31秒, 40度48.273分, 111度141.437分, 10个, 1070米,

GPRMC格式 01时40分32秒, 40度48.273分, 111度141.437分, 000.0米／秒, 340.9, 17年05月10日,
GPGGA格式 01时40分32秒, 40度48.273分, 111度141.437分, 10个, 1070米,

GPRMC格式 01时40分34秒, 40度48.273分, 111度141.437分, 000.0米／秒, 340.9, 17年05月10日,
GPGGA格式 01时40分34秒, 40度48.273分, 111度141.437分, 10个, 1070米,

GPRMC格式 01时40分34秒, 40度48.273分, 111度141.437分, 000.0米／秒, 340.9, 17年05月10日,
GPGGA格式 01时40分34秒, 40度48.273分, 111度141.437分, 10个, 1070米,

GPRMC格式 01时40分35秒, 40度48.273分, 111度141.437分, 000.0米／秒, 340.9, 17年05月10日,
GPGGA格式 01时40分35秒, 40度48.273分, 111度141.437分, 10个, 1070米,

GPRMC格式 01时40分36秒, 40度48.273分, 111度141.437分, 000.0米／秒, 340.9, 17年05月10日,
GPGGA格式 01时40分36秒, 40度48.273分, 111度141.437分, 10个, 1070米,

GPRMC格式 01时40分37秒, 40度48.273分, 111度141.436分, 000.0米／秒, 340.9, 17年05月10日,
GPGGA格式 01时40分37秒, 40度48.273分, 111度141.436分, 10个, 1070米,

GPRMC格式 01时40分38秒, 40度48.273分, 111度141.436分, 000.0米／秒, 340.9, 17年05月10日,
GPGGA格式 01时40分38秒, 40度48.273分, 111度141.436分, 10个, 1070米,

GPRMC格式 01时40分39秒, 40度48.273分, 111度141.436分, 000.0米／秒, 340.9, 17年05月10日,
GPGGA格式 01时40分39秒, 40度48.273分, 111度141.436分, 10个, 1070米,

GPRMC格式 01时40分40秒, 40度48.273分, 111度141.436分, 000.0米／秒, 340.9, 17年05月10日,
GPGGA格式 01时40分40秒, 40度48.273分, 111度141.436分, 10个, 1070米,

GPRMC格式 01时40分41秒, 40度48.273分, 111度141.436分, 002.6米／秒, 340.9, 17年05月10日,
GPGGA格式 01时40分41秒, 40度48.273分, 111度141.436分, 10个, 1070米,

GPRMC格式 01时40分42秒, 40度48.273分, 111度141.435分, 003.8米／秒, 239.1, 17年05月10日,
GPGGA格式 01时40分42秒, 40度48.273分, 111度141.435分, 10个, 1070米,

GPRMC格式 01时40分43秒, 40度48.272分, 111度141.434分, 004.6米／秒, 203.6, 17年05月10日,
GPGGA格式 01时40分43秒, 40度48.272分, 111度141.434分, 10个, 1069米,

GPRMC格式 01时40分44秒, 40度48.270分, 111度141.433分, 005.5米／秒, 178.3, 17年05月10日,
GPGGA格式 01时40分44秒, 40度48.270分, 111度141.433分, 10个, 1069米,

GPRMC格式 01时40分45秒, 40度48.268分, 111度141.434分, 008.5米／秒, 156.6, 17年05月10日,
GPGGA格式 01时40分45秒, 40度48.268分, 111度141.434分, 10个, 1068米,

GPRMC格式 01时40分46秒, 40度48.266分, 111度141.436分, 009.6米／秒, 153.1, 17年05月10日,
GPGGA格式 01时40分46秒, 40度48.266分, 111度141.436分, 10个, 1068米,

GPRMC格式 01时40分47秒, 40度48.263分, 111度141.437分, 010.5米／秒, 155.3, 17年05月10日,
GPGGA格式 01时40分47秒, 40度48.263分, 111度141.437分, 10个, 1067米,

GPRMC格式 01时40分48秒, 40度48.260分, 111度141.439分, 011.4米／秒, 156.6, 17年05月10日,
GPGGA格式 01时40分48秒, 40度48.260分, 111度141.439分, 10个, 1066米,

GPRMC格式 01时40分49秒, 40度48.257分, 111度141.440分, 012.1米／秒, 158.3, 17年05月10日,
GPGGA格式 01时40分49秒, 40度48.257分, 111度141.440分, 10个, 1065米,

GPRMC格式 01时40分50秒, 40度48.254分, 111度141.442分, 013.0米／秒, 160.0, 17年05月10日,
GPGGA格式 01时40分50秒, 40度48.254分, 111度141.442分, 09个, 1065米,

GPRMC格式 01时40分51秒, 40度48.250分, 111度141.444分, 013.4米／秒, 160.3, 17年05月10日,
GPGGA格式 01时40分51秒, 40度48.250分, 111度141.444分, 09个, 1064米,

GPRMC格式 01时40分52秒, 40度48.247分, 111度141.445分, 013.7米／秒, 161.5, 17年05月10日,
GPGGA格式 01时40分52秒, 40度48.247分, 111度141.445分, 09个, 1064米,

GPRMC格式 01时40分53秒, 40度48.243分, 111度141.447分, 014.0米／秒, 162.6, 17年05月10日,
GPGGA格式 01时40分53秒, 40度48.243分, 111度141.447分, 10个, 1063米,

GPRMC格式 01时40分54秒, 40度48.240分, 111度141.448分, 014.2米／秒, 163.2, 17年05月10日,
GPGGA格式 01时40分54秒, 40度48.240分, 111度141.448分, 09个, 1062米,

GPRMC格式 01时40分55秒, 40度48.236分, 111度141.450分, 014.2米／秒, 163.4, 17年05月10日,
GPGGA格式 01时40分55秒, 40度48.236分, 111度141.450分, 09个, 1062米,

GPRMC格式 01时40分56秒, 40度48.232分, 111度141.451分, 013.4米／秒, 163.6, 17年05月10日,
GPGGA格式 01时40分56秒, 40度48.232分, 111度141.451分, 09个, 1061米,

GPRMC格式 01时40分57秒, 40度48.229分, 111度141.452分, 012.4米／秒, 164.2, 17年05月10日,
GPGGA格式 01时40分57秒, 40度48.229分, 111度141.452分, 10个, 1060米,

GPRMC格式 01时40分58秒, 40度48.226分, 111度141.453分, 011.3米／秒, 164.5, 17年05月10日,
GPGGA格式 01时40分58秒, 40度48.226分, 111度141.453分, 10个, 1060米,

GPRMC格式 01时40分59秒, 40度48.223分, 111度141.454分, 008.8米／秒, 165.1, 17年05月10日,
GPGGA格式 01时40分59秒, 40度48.223分, 111度141.454分, 10个, 1059米,

GPRMC格式 01时41分00秒, 40度48.220分, 111度141.454分, 006.4米／秒, 166.8, 17年05月10日,
GPGGA格式 01时41分00秒, 40度48.220分, 111度141.454分, 10个, 1058米,

GPRMC格式 01时41分01秒, 40度48.219分, 111度141.454分, 004.5米／秒, 175.7, 17年05月10日,
GPGGA格式 01时41分01秒, 40度48.219分, 111度141.454分, 10个, 1058米,

GPRMC格式 01时41分02秒, 40度48.218分, 111度141.454分, 003.6米／秒, 186.3, 17年05月10日,
GPGGA格式 01时41分02秒, 40度48.218分, 111度141.454分, 10个, 1058米,

GPRMC格式 01时41分03秒, 40度48.217分, 111度141.454分, 003.1米／秒, 201.9, 17年05月10日,
GPGGA格式 01时41分03秒, 40度48.217分, 111度141.454分, 10个, 1057米,

GPRMC格式 01时41分04秒, 40度48.216分, 111度141.453分, 003.4米／秒, 220.2, 17年05月10日,
GPGGA格式 01时41分04秒, 40度48.216分, 111度141.453分, 10个, 1057米,

GPRMC格式 01时41分05秒, 40度48.215分, 111度141.452分, 003.0米／秒, 219.9, 17年05月10日,
GPGGA格式 01时41分05秒, 40度48.215分, 111度141.452分, 10个, 1056米,

GPRMC格式 01时41分06秒, 40度48.214分, 111度141.451分, 003.5米／秒, 221.4, 17年05月10日,
GPGGA格式 01时41分06秒, 40度48.214分, 111度141.451分, 10个, 1056米,

GPRMC格式 01时41分07秒, 40度48.214分, 111度141.450分, 004.1米／秒, 224.2, 17年05月10日,
GPGGA格式 01时41分07秒, 40度48.214分, 111度141.450分, 10个, 1055米,

GPRMC格式 01时41分08秒, 40度48.213分, 111度141.449分, 004.4米／秒, 226.4, 17年05月10日,
GPGGA格式 01时41分08秒, 40度48.213分, 111度141.449分, 10个, 1055米,

GPRMC格式 01时41分09秒, 40度48.213分, 111度141.447分, 004.6米／秒, 228.9, 17年05月10日,
GPGGA格式 01时41分09秒, 40度48.213分, 111度141.447分, 10个, 1055米,

GPRMC格式 01时41分10秒, 40度48.212分, 111度141.445分, 004.3米／秒, 256.4, 17年05月10日,
GPGGA格式 01时41分10秒, 40度48.212分, 111度141.445分, 10个, 1054米,

GPRMC格式 01时41分11秒, 40度48.212分, 111度141.444分, 004.2米／秒, 255.0, 17年05月10日,
GPGGA格式 01时41分11秒, 40度48.212分, 111度141.444分, 10个, 1054米,

GPRMC格式 01时41分12秒, 40度48.211分, 111度141.442分, 003.0米／秒, 254.4, 17年05月10日,
GPGGA格式 01时41分12秒, 40度48.211分, 111度141.442分, 10个, 1054米,

GPRMC格式 01时41分13秒, 40度48.211分, 111度141.442分, 000.1米／秒, 254.4, 17年05月10日,
GPGGA格式 01时41分13秒, 40度48.211分, 111度141.442分, 10个, 1053米,

GPRMC格式 01时41分15秒, 40度48.211分, 111度141.441分, 000.0米／秒, 254.4, 17年05月10日,
GPGGA格式 01时41分15秒, 40度48.211分, 111度141.441分, 10个, 1054米,

GPRMC格式 01时41分15秒, 40度48.211分, 111度141.441分, 000.0米／秒, 254.4, 17年05月10日,
GPGGA格式 01时41分15秒, 40度48.211分, 111度141.441分, 10个, 1054米,

GPRMC格式 01时41分16秒, 40度48.211分, 111度141.441分, 000.0米／秒, 254.3, 17年05月10日,
GPGGA格式 01时41分16秒, 40度48.211分, 111度141.441分, 10个, 1054米,

GPRMC格式 01时41分17秒, 40度48.211分, 111度141.441分, 000.0米／秒, 254.4, 17年05月10日,
GPGGA格式 01时41分17秒, 40度48.211分, 111度141.441分, 10个, 1054米,

GPRMC格式 01时41分18秒, 40度48.211分, 111度141.441分, 000.0米／秒, 254.4, 17年05月10日,
GPGGA格式 01时41分18秒, 40度48.211分, 111度141.441分, 10个, 1054米,

GPRMC格式 01时41分19秒, 40度48.211分, 111度141.441分, 000.1米／秒, 254.4, 17年05月10日,
GPGGA格式 01时41分19秒, 40度48.211分, 111度141.441分, 10个, 1054米,

GPRMC格式 01时41分20秒, 40度48.210分, 111度141.440分, 000.3米／秒, 254.4, 17年05月10日,
GPGGA格式 01时41分20秒, 40度48.210分, 111度141.440分, 10个, 1054米,

GPRMC格式 01时41分21秒, 40度48.211分, 111度141.438分, 008.0米／秒, 281.9, 17年05月10日,
GPGGA格式 01时41分21秒, 40度48.211分, 111度141.438分, 10个, 1054米,

GPRMC格式 01时41分23秒, 40度48.212分, 111度141.430分, 010.6米／秒, 281.8, 17年05月10日,
GPGGA格式 01时41分23秒, 40度48.212分, 111度141.430分, 10个, 1053米,

GPRMC格式 01时41分24秒, 40度48.212分, 111度141.425分, 010.3米／秒, 271.1, 17年05月10日,
GPGGA格式 01时41分24秒, 40度48.212分, 111度141.425分, 09个, 1053米,

GPRMC格式 01时41分24秒, 40度48.212分, 111度141.425分, 010.3米／秒, 271.1, 17年05月10日,
GPGGA格式 01时41分24秒, 40度48.212分, 111度141.425分, 10个, 1053米,

GPRMC格式 01时41分25秒, 40度48.212分, 111度141.421分, 010.3米／秒, 256.0, 17年05月10日,
GPGGA格式 01时41分25秒, 40度48.212分, 111度141.421分, 10个, 1053米,

GPRMC格式 01时41分26秒, 40度48.211分, 111度141.417分, 009.7米／秒, 243.6, 17年05月10日,
GPGGA格式 01时41分26秒, 40度48.211分, 111度141.417分, 10个, 1053米,

GPRMC格式 01时41分27秒, 40度48.210分, 111度141.414分, 008.9米／秒, 232.4, 17年05月10日,
GPGGA格式 01时41分27秒, 40度48.210分, 111度141.414分, 10个, 1052米,

GPRMC格式 01时41分28秒, 40度48.208分, 111度141.412分, 007.5米／秒, 222.3, 17年05月10日,
GPGGA格式 01时41分28秒, 40度48.208分, 111度141.412分, 10个, 1052米,

GPRMC格式 01时41分29秒, 40度48.207分, 111度141.410分, 006.7米／秒, 210.5, 17年05月10日,
GPGGA格式 01时41分29秒, 40度48.207分, 111度141.410分, 10个, 1052米,

GPRMC格式 01时41分30秒, 40度48.205分, 111度141.409分, 006.3米／秒, 196.5, 17年05月10日,
GPGGA格式 01时41分30秒, 40度48.205分, 111度141.409分, 10个, 1053米,

GPRMC格式 01时41分31秒, 40度48.203分, 111度141.408分, 005.6米／秒, 176.7, 17年05月10日,
GPGGA格式 01时41分31秒, 40度48.203分, 111度141.408分, 10个, 1053米,

GPRMC格式 01时41分32秒, 40度48.201分, 111度141.409分, 006.2米／秒, 170.5, 17年05月10日,
GPGGA格式 01时41分32秒, 40度48.201分, 111度141.409分, 10个, 1052米,

GPRMC格式 01时41分33秒, 40度48.199分, 111度141.409分, 007.8米／秒, 168.3, 17年05月10日,
GPGGA格式 01时41分33秒, 40度48.199分, 111度141.409分, 10个, 1052米,

GPRMC格式 01时41分34秒, 40度48.197分, 111度141.410分, 009.1米／秒, 168.0, 17年05月10日,
GPGGA格式 01时41分34秒, 40度48.197分, 111度141.410分, 10个, 1052米,

GPRMC格式 01时41分35秒, 40度48.195分, 111度141.411分, 010.5米／秒, 167.2, 17年05月10日,
GPGGA格式 01时41分35秒, 40度48.195分, 111度141.411分, 10个, 1051米,

GPRMC格式 01时41分36秒, 40度48.192分, 111度141.412分, 010.8米／秒, 164.9, 17年05月10日,
GPGGA格式 01时41分36秒, 40度48.192分, 111度141.412分, 10个, 1051米,

GPRMC格式 01时41分37秒, 40度48.189分, 111度141.413分, 010.6米／秒, 162.1, 17年05月10日,
GPGGA格式 01时41分37秒, 40度48.189分, 111度141.413分, 10个, 1051米,

GPRMC格式 01时41分38秒, 40度48.186分, 111度141.414分, 010.5米／秒, 163.2, 17年05月10日,
GPGGA格式 01时41分38秒, 40度48.186分, 111度141.414分, 10个, 1051米,

GPRMC格式 01时41分40秒, 40度48.180分, 111度141.417分, 011.8米／秒, 161.8, 17年05月10日,
GPGGA格式 01时41分40秒, 40度48.180分, 111度141.417分, 10个, 1051米,

GPRMC格式 01时41分40秒, 40度48.180分, 111度141.417分, 011.8米／秒, 161.8, 17年05月10日,
GPGGA格式 01时41分40秒, 40度48.180分, 111度141.417分, 10个, 1050米,

GPRMC格式 01时41分41秒, 40度48.177分, 111度141.418分, 012.0米／秒, 160.1, 17年05月10日,
GPGGA格式 01时41分41秒, 40度48.177分, 111度141.418分, 10个, 1050米,

GPRMC格式 01时41分42秒, 40度48.173分, 111度141.420分, 012.6米／秒, 158.8, 17年05月10日,
GPGGA格式 01时41分42秒, 40度48.173分, 111度141.420分, 10个, 1049米,

GPRMC格式 01时41分44秒, 40度48.166分, 111度141.423分, 013.1米／秒, 158.5, 17年05月10日,
GPGGA格式 01时41分44秒, 40度48.166分, 111度141.423分, 10个, 1049米,

GPRMC格式 01时41分44秒, 40度48.166分, 111度141.423分, 013.1米／秒, 158.5, 17年05月10日,
GPGGA格式 01时41分44秒, 40度48.166分, 111度141.423分, 10个, 1049米,

GPRMC格式 01时41分45秒, 40度48.163分, 111度141.425分, 013.1米／秒, 158.6, 17年05月10日,
GPGGA格式 01时41分45秒, 40度48.163分, 111度141.425分, 10个, 1048米,

GPRMC格式 01时41分47秒, 40度48.156分, 111度141.427分, 012.3米／秒, 166.9, 17年05月10日,
GPGGA格式 01时41分47秒, 40度48.156分, 111度141.427分, 10个, 1048米,

GPRMC格式 01时41分48秒, 40度48.152分, 111度141.429分, 013.2米／秒, 163.4, 17年05月10日,
GPGGA格式 01时41分48秒, 40度48.152分, 111度141.429分, 10个, 1047米,

GPRMC格式 01时41分48秒, 40度48.152分, 111度141.429分, 013.2米／秒, 163.4, 17年05月10日,
GPGGA格式 01时41分48秒, 40度48.152分, 111度141.429分, 10个, 1047米,

GPRMC格式 01时41分49秒, 40度48.149分, 111度141.430分, 013.4米／秒, 162.8, 17年05月10日,
GPGGA格式 01时41分49秒, 40度48.149分, 111度141.430分, 10个, 1046米,

GPRMC格式 01时41分50秒, 40度48.145分, 111度141.432分, 013.4米／秒, 162.1, 17年05月10日,
GPGGA格式 01时41分50秒, 40度48.145分, 111度141.432分, 10个, 1046米,

GPRMC格式 01时41分51秒, 40度48.142分, 111度141.433分, 014.2米／秒, 160.9, 17年05月10日,
GPGGA格式 01时41分51秒, 40度48.142分, 111度141.433分, 10个, 1046米,

GPRMC格式 01时41分52秒, 40度48.138分, 111度141.435分, 014.5米／秒, 160.1, 17年05月10日,
GPGGA格式 01时41分52秒, 40度48.138分, 111度141.435分, 10个, 1046米,

GPRMC格式 01时41分53秒, 40度48.134分, 111度141.437分, 013.5米／秒, 160.2, 17年05月10日,
GPGGA格式 01时41分53秒, 40度48.134分, 111度141.437分, 10个, 1045米,

GPRMC格式 01时41分54秒, 40度48.130分, 111度141.438分, 013.0米／秒, 167.0, 17年05月10日,
GPGGA格式 01时41分54秒, 40度48.130分, 111度141.438分, 10个, 1045米,

GPRMC格式 01时41分55秒, 40度48.126分, 111度141.440分, 012.1米／秒, 166.2, 17年05月10日,
GPGGA格式 01时41分55秒, 40度48.126分, 111度141.440分, 10个, 1045米,

GPRMC格式 01时41分56秒, 40度48.123分, 111度141.442分, 012.4米／秒, 164.3, 17年05月10日,
GPGGA格式 01时41分56秒, 40度48.123分, 111度141.442分, 10个, 1045米,

GPRMC格式 01时41分57秒, 40度48.120分, 111度141.443分, 012.2米／秒, 164.9, 17年05月10日,
GPGGA格式 01时41分57秒, 40度48.120分, 111度141.443分, 10个, 1044米,

GPRMC格式 01时41分58秒, 40度48.117分, 111度141.444分, 011.4米／秒, 163.9, 17年05月10日,
GPGGA格式 01时41分58秒, 40度48.117分, 111度141.444分, 10个, 1044米,

GPRMC格式 01时41分59秒, 40度48.114分, 111度141.446分, 011.4米／秒, 162.8, 17年05月10日,
GPGGA格式 01时41分59秒, 40度48.114分, 111度141.446分, 10个, 1044米,

GPRMC格式 01时42分00秒, 40度48.111分, 111度141.447分, 011.4米／秒, 162.7, 17年05月10日,
GPGGA格式 01时42分00秒, 40度48.111分, 111度141.447分, 10个, 1043米,

GPRMC格式 01时42分01秒, 40度48.108分, 111度141.448分, 011.4米／秒, 162.0, 17年05月10日,
GPGGA格式 01时42分01秒, 40度48.108分, 111度141.448分, 10个, 1043米,

GPRMC格式 01时42分02秒, 40度48.105分, 111度141.450分, 011.8米／秒, 161.3, 17年05月10日,
GPGGA格式 01时42分02秒, 40度48.105分, 111度141.450分, 10个, 1043米,

GPRMC格式 01时42分03秒, 40度48.102分, 111度141.451分, 011.8米／秒, 160.7, 17年05月10日,
GPGGA格式 01时42分03秒, 40度48.102分, 111度141.451分, 09个, 1042米,

GPRMC格式 01时42分04秒, 40度48.098分, 111度141.452分, 011.3米／秒, 161.0, 17年05月10日,
GPGGA格式 01时42分04秒, 40度48.098分, 111度141.452分, 10个, 1042米,

GPRMC格式 01时42分05秒, 40度48.096分, 111度141.453分, 010.2米／秒, 171.4, 17年05月10日,
GPGGA格式 01时42分05秒, 40度48.096分, 111度141.453分, 10个, 1042米,

GPRMC格式 01时42分06秒, 40度48.093分, 111度141.453分, 009.4米／秒, 187.2, 17年05月10日,
GPGGA格式 01时42分06秒, 40度48.093分, 111度141.453分, 10个, 1042米,

GPRMC格式 01时42分07秒, 40度48.091分, 111度141.452分, 009.0米／秒, 199.6, 17年05月10日,
GPGGA格式 01时42分07秒, 40度48.091分, 111度141.452分, 10个, 1041米,

GPRMC格式 01时42分08秒, 40度48.088分, 111度141.451分, 008.6米／秒, 215.7, 17年05月10日,
GPGGA格式 01时42分08秒, 40度48.088分, 111度141.451分, 10个, 1041米,

GPRMC格式 01时42分09秒, 40度48.087分, 111度141.449分, 007.8米／秒, 229.1, 17年05月10日,
GPGGA格式 01时42分09秒, 40度48.087分, 111度141.449分, 10个, 1041米,

GPRMC格式 01时42分10秒, 40度48.086分, 111度141.446分, 008.9米／秒, 243.3, 17年05月10日,
GPGGA格式 01时42分10秒, 40度48.086分, 111度141.446分, 10个, 1041米,

GPRMC格式 01时42分11秒, 40度48.085分, 111度141.443分, 009.5米／秒, 245.2, 17年05月10日,
GPGGA格式 01时42分11秒, 40度48.085分, 111度141.443分, 10个, 1042米,

GPRMC格式 01时42分13秒, 40度48.083分, 111度141.436分, 008.2米／秒, 253.7, 17年05月10日,
GPGGA格式 01时42分13秒, 40度48.083分, 111度141.436分, 10个, 1042米,

GPRMC格式 01时42分14秒, 40度48.082分, 111度141.433分, 008.1米／秒, 252.7, 17年05月10日,
GPGGA格式 01时42分14秒, 40度48.082分, 111度141.433分, 10个, 1042米,

GPRMC格式 01时42分14秒, 40度48.082分, 111度141.433分, 008.1米／秒, 252.7, 17年05月10日,
GPGGA格式 01时42分14秒, 40度48.082分, 111度141.433分, 10个, 1041米,

GPRMC格式 01时42分15秒, 40度48.081分, 111度141.431分, 007.7米／秒, 252.0, 17年05月10日,
GPGGA格式 01时42分15秒, 40度48.081分, 111度141.431分, 10个, 1041米,

GPRMC格式 01时42分16秒, 40度48.081分, 111度141.428分, 007.6米／秒, 248.9, 17年05月10日,
GPGGA格式 01时42分16秒, 40度48.081分, 111度141.428分, 10个, 1041米,

GPRMC格式 01时42分18秒, 40度48.079分, 111度141.423分, 007.2米／秒, 250.0, 17年05月10日,
GPGGA格式 01时42分18秒, 40度48.079分, 111度141.423分, 10个, 1041米,

GPRMC格式 01时42分18秒, 40度48.079分, 111度141.423分, 007.2米／秒, 250.0, 17年05月10日,
GPGGA格式 01时42分18秒, 40度48.079分, 111度141.423分, 10个, 1041米,

GPRMC格式 01时42分20秒, 40度48.078分, 111度141.419分, 005.9米／秒, 251.7, 17年05月10日,
GPGGA格式 01时42分20秒, 40度48.078分, 111度141.419分, 10个, 1041米,

GPRMC格式 01时42分20秒, 40度48.078分, 111度141.419分, 005.9米／秒, 251.7, 17年05月10日,
GPGGA格式 01时42分20秒, 40度48.078分, 111度141.419分, 10个, 1042米,

GPRMC格式 01时42分21秒, 40度48.077分, 111度141.417分, 003.9米／秒, 251.9, 17年05月10日,
GPGGA格式 01时42分21秒, 40度48.077分, 111度141.417分, 10个, 1042米,

GPRMC格式 01时42分23秒, 40度48.076分, 111度141.414分, 004.0米／秒, 258.6, 17年05月10日,
GPGGA格式 01时42分23秒, 40度48.076分, 111度141.414分, 10个, 1042米,

GPRMC格式 01时42分23秒, 40度48.076分, 111度141.414分, 004.0米／秒, 258.6, 17年05月10日,
GPGGA格式 01时42分23秒, 40度48.076分, 111度141.414分, 10个, 1042米,

GPRMC格式 01时42分24秒, 40度48.076分, 111度141.413分, 003.7米／秒, 256.9, 17年05月10日,
GPGGA格式 01时42分24秒, 40度48.076分, 111度141.413分, 10个, 1042米,

GPRMC格式 01时42分26秒, 40度48.075分, 111度141.411分, 003.1米／秒, 253.5, 17年05月10日,
GPGGA格式 01时42分26秒, 40度48.075分, 111度141.411分, 10个, 1042米,

GPRMC格式 01时42分26秒, 40度48.075分, 111度141.411分, 003.1米／秒, 253.5, 17年05月10日,
GPGGA格式 01时42分26秒, 40度48.075分, 111度141.411分, 10个, 1043米,

GPRMC格式 01时42分28秒, 40度48.075分, 111度141.408分, 003.9米／秒, 249.8, 17年05月10日,
GPGGA格式 01时42分28秒, 40度48.075分, 111度141.408分, 10个, 1043米,

GPRMC格式 01时42分28秒, 40度48.075分, 111度141.408分, 003.9米／秒, 249.8, 17年05月10日,
GPGGA格式 01时42分28秒, 40度48.075分, 111度141.408分, 10个, 1044米,

GPRMC格式 01时42分30秒, 40度48.074分, 111度141.404分, 003.9米／秒, 250.6, 17年05月10日,
GPGGA格式 01时42分30秒, 40度48.074分, 111度141.404分, 10个, 1044米,

GPRMC格式 01时42分31秒, 40度48.074分, 111度141.402分, 003.3米／秒, 252.0, 17年05月10日,
GPGGA格式 01时42分31秒, 40度48.074分, 111度141.402分, 10个, 1044米,

GPRMC格式 01时42分32秒, 40度48.075分, 111度141.401分, 003.3米／秒, 255.6, 17年05月10日,
GPGGA格式 01时42分32秒, 40度48.075分, 111度141.401分, 10个, 1045米,

GPRMC格式 01时42分32秒, 40度48.075分, 111度141.401分, 003.3米／秒, 255.6, 17年05月10日,
GPGGA格式 01时42分32秒, 40度48.075分, 111度141.401分, 10个, 1045米,

GPRMC格式 01时42分33秒, 40度48.076分, 111度141.400分, 004.3米／秒, 260.9, 17年05月10日,
GPGGA格式 01时42分33秒, 40度48.076分, 111度141.400分, 10个, 1046米,

GPRMC格式 01时42分35秒, 40度48.078分, 111度141.400分, 002.7米／秒, 354.6, 17年05月10日,
GPGGA格式 01时42分35秒, 40度48.078分, 111度141.400分, 10个, 1046米,

GPRMC格式 01时42分35秒, 40度48.078分, 111度141.400分, 002.7米／秒, 354.6, 17年05月10日,
GPGGA格式 01时42分35秒, 40度48.078分, 111度141.400分, 10个, 1047米,

GPRMC格式 01时42分37秒, 40度48.079分, 111度141.401分, 002.7米／秒, 354.6, 17年05月10日,
GPGGA格式 01时42分37秒, 40度48.079分, 111度141.401分, 10个, 1047米,

GPRMC格式 01时42分37秒, 40度48.079分, 111度141.401分, 002.7米／秒, 354.6, 17年05月10日,
GPGGA格式 01时42分37秒, 40度48.079分, 111度141.401分, 10个, 1047米,

GPRMC格式 01时42分39秒, 40度48.080分, 111度141.402分, 002.5米／秒, 354.6, 17年05月10日,
GPGGA格式 01时42分39秒, 40度48.080分, 111度141.402分, 10个, 1048米,

GPRMC格式 01时42分39秒, 40度48.080分, 111度141.402分, 002.5米／秒, 354.6, 17年05月10日,
GPGGA格式 01时42分39秒, 40度48.080分, 111度141.402分, 10个, 1048米,

GPRMC格式 01时42分40秒, 40度48.080分, 111度141.403分, 001.7米／秒, 354.6, 17年05月10日,
GPGGA格式 01时42分40秒, 40度48.080分, 111度141.403分, 10个, 1048米,

GPRMC格式 01时42分41秒, 40度48.080分, 111度141.403分, 001.7米／秒, 354.6, 17年05月10日,
GPGGA格式 01时42分41秒, 40度48.080分, 111度141.403分, 10个, 1049米,

GPRMC格式 01时42分42秒, 40度48.080分, 111度141.404分, 001.6米／秒, 354.6, 17年05月10日,
GPGGA格式 01时42分42秒, 40度48.080分, 111度141.404分, 10个, 1049米,

GPRMC格式 01时42分44秒, 40度48.080分, 111度141.405分, 001.4米／秒, 354.6, 17年05月10日,
GPGGA格式 01时42分44秒, 40度48.080分, 111度141.405分, 10个, 1049米,

GPRMC格式 01时42分44秒, 40度48.080分, 111度141.405分, 001.4米／秒, 354.6, 17年05月10日,
GPGGA格式 01时42分44秒, 40度48.080分, 111度141.405分, 10个, 1049米,

GPRMC格式 01时42分45秒, 40度48.081分, 111度141.405分, 001.5米／秒, 354.6, 17年05月10日,
GPGGA格式 01时42分45秒, 40度48.081分, 111度141.405分, 10个, 1049米,

GPRMC格式 01时42分47秒, 40度48.081分, 111度141.407分, 001.2米／秒, 354.6, 17年05月10日,
GPGGA格式 01时42分47秒, 40度48.081分, 111度141.407分, 10个, 1049米,

GPRMC格式 01时42分47秒, 40度48.081分, 111度141.407分, 001.2米／秒, 354.6, 17年05月10日,
GPGGA格式 01时42分47秒, 40度48.081分, 111度141.407分, 10个, 1049米,

GPRMC格式 01时42分49秒, 40度48.081分, 111度141.407分, 000.4米／秒, 354.6, 17年05月10日,
GPGGA格式 01时42分49秒, 40度48.081分, 111度141.407分, 10个, 1050米,

GPRMC格式 01时42分50秒, 40度48.081分, 111度141.407分, 000.0米／秒, 354.6, 17年05月10日,
GPGGA格式 01时42分50秒, 40度48.081分, 111度141.407分, 10个, 1050米,

GPRMC格式 01时42分50秒, 40度48.081分, 111度141.407分, 000.0米／秒, 354.6, 17年05月10日,
GPGGA格式 01时42分50秒, 40度48.081分, 111度141.407分, 10个, 1050米,

GPRMC格式 01时42分52秒, 40度48.081分, 111度141.408分, 000.0米／秒, 354.6, 17年05月10日,
GPGGA格式 01时42分52秒, 40度48.081分, 111度141.408分, 10个, 1050米,

GPRMC格式 01时42分53秒, 40度48.081分, 111度141.408分, 000.0米／秒, 354.6, 17年05月10日,
GPGGA格式 01时42分53秒, 40度48.081分, 111度141.408分, 10个, 1050米,

GPRMC格式 01时42分53秒, 40度48.081分, 111度141.408分, 000.0米／秒, 354.6, 17年05月10日,
GPGGA格式 01时42分53秒, 40度48.081分, 111度141.408分, 10个, 1050米,

GPRMC格式 01时42分55秒, 40度48.081分, 111度141.408分, 000.0米／秒, 354.6, 17年05月10日,
GPGGA格式 01时42分55秒, 40度48.081分, 111度141.408分, 10个, 1050米,

GPRMC格式 01时42分56秒, 40度48.081分, 111度141.408分, 000.0米／秒, 354.6, 17年05月10日,
GPGGA格式 01时42分56秒, 40度48.081分, 111度141.408分, 10个, 1050米,

GPRMC格式 01时42分56秒, 40度48.081分, 111度141.408分, 000.0米／秒, 354.6, 17年05月10日,
GPGGA格式 01时42分56秒, 40度48.081分, 111度141.408分, 10个, 1050米,

GPRMC格式 01时42分58秒, 40度48.081分, 111度141.408分, 000.0米／秒, 354.6, 17年05月10日,
GPGGA格式 01时42分58秒, 40度48.081分, 111度141.408分, 10个, 1050米,

GPRMC格式 01时42分58秒, 40度48.081分, 111度141.408分, 000.0米／秒, 354.6, 17年05月10日,
GPGGA格式 01时42分58秒, 40度48.081分, 111度141.408分, 10个, 1050米,

GPRMC格式 01时43分00秒, 40度48.081分, 111度141.408分, 000.0米／秒, 354.6, 17年05月10日,
GPGGA格式 01时43分00秒, 40度48.081分, 111度141.408分, 09个, 1050米,

GPRMC格式 01时43分00秒, 40度48.081分, 111度141.408分, 000.0米／秒, 354.6, 17年05月10日,
GPGGA格式 01时43分00秒, 40度48.081分, 111度141.408分, 09个, 1050米,

GPRMC格式 01时43分02秒, 40度48.081分, 111度141.408分, 000.0米／秒, 354.6, 17年05月10日,
GPGGA格式 01时43分02秒, 40度48.081分, 111度141.408分, 09个, 1050米,

GPRMC格式 01时43分03秒, 40度48.081分, 111度141.408分, 000.0米／秒, 354.6, 17年05月10日,
GPGGA格式 01时43分03秒, 40度48.081分, 111度141.408分, 09个, 1050米,

GPRMC格式 01时43分03秒, 40度48.081分, 111度141.408分, 000.0米／秒, 354.6, 17年05月10日,
GPGGA格式 01时43分03秒, 40度48.081分, 111度141.408分, 09个, 1050米,

GPRMC格式 01时43分05秒, 40度48.081分, 111度141.408分, 000.0米／秒, 354.6, 17年05月10日,
GPGGA格式 01时43分05秒, 40度48.081分, 111度141.408分, 09个, 1050米,

GPRMC格式 01时43分05秒, 40度48.081分, 111度141.408分, 000.0米／秒, 354.6, 17年05月10日,
GPGGA格式 01时43分05秒, 40度48.081分, 111度141.408分, 09个, 1050米,

GPRMC格式 01时43分06秒, 40度48.081分, 111度141.408分, 000.0米／秒, 354.6, 17年05月10日,
GPGGA格式 01时43分06秒, 40度48.081分, 111度141.408分, 09个, 1050米,

GPRMC格式 01时43分07秒, 40度48.081分, 111度141.408分, 000.0米／秒, 354.6, 17年05月10日,
GPGGA格式 01时43分07秒, 40度48.081分, 111度141.408分, 09个, 1050米,

GPRMC格式 01时43分09秒, 40度48.081分, 111度141.408分, 000.0米／秒, 354.6, 17年05月10日,
GPGGA格式 01时43分09秒, 40度48.081分, 111度141.408分, 09个, 1050米,

GPRMC格式 01时43分10秒, 40度48.081分, 111度141.408分, 000.0米／秒, 354.6, 17年05月10日,
GPGGA格式 01时43分10秒, 40度48.081分, 111度141.408分, 09个, 1050米,

GPRMC格式 01时43分10秒, 40度48.081分, 111度141.408分, 000.0米／秒, 354.6, 17年05月10日,
GPGGA格式 01时43分10秒, 40度48.081分, 111度141.408分, 09个, 1050米,

